"Product Name","Price"
"코리원/오뚜기 오쉐프 바나나/요거트/자몽 푸딩 5종 ","5,500"
"바우와우 비스켓 220g 쿠키 우유 시금치 딸기 바나나 ","1,890"
"자연이 바나나분말/얼굴팩/한방팩/마사지/수미/팩/ ","570"
"몽쉘 3종 크림 카카오 바나나 롯데 몽쉘통통 무료배송 ","32,000"
"벚꽃우산 투명우산 휴대용바나나우산 장우산 자동우산 ","4,000"
"과자 자색고구마칩 바나나칩 땅콩 안주 간식 주전부리 ","4,500"
"악어집게 악어클립 바나나 테스트집게 전선집게 ","100"
"악어집게/테스터핀/그레버/단자/클립/쌍바나나단자 ","960"
"프로게이너 W3 4kg_바나나딸기 / 체중증가 보충제 ","69,800"
"초코파이 2종 초코 바나나 (12봉입) 8개 오리온 ","30,000"
"휴대용 바나나게이스(1+1) 각종 보관케이스 ","3,880"
"바나나인형/가방고리인형/소형봉제인형/열쇠고리/폰줄 ","3,500"
"10호셋트/쑥색1봉+바나나색1봉+당근색1봉+흰색1봉 ","18,900"
"제티 초콕 초코렛맛 10T + 딸기맛10T +바나나맛10T ","11,900"
"바나나플러그 8개 스피커케이블 (180심)1.8 m X 2 ","9,600"
"(쥬씨) 초바(초코+바나나)주스 XL ","2,740"
"청정원 홍초 택1(석류/복분자/블루베리/딸기/바나나) ","6,650"
"PS-007 더블스톤 바나나 피어싱 ","1,420"
"애경 덴탈크리닉 2080 어린이치약 (딸기/바나나) 80g x 4개 ","5,500"
"일동 후디스 순 곡물바/당근/치즈/바나나 택일 ","2,780"
"아기밀 웨하스 혼합 4종 DHA+초유+칼슘+바나나 36gX4개 ","13,500"
"무항생제 바른목장 바나나우유125ml(24팩) ","17,000"
"동결건조과일칩 건과일칩 사과칩 딸기칩 바나나칩 ","3,100"
"미니웰 바나나맛/고구마맛(선택)150ml 24개/환자영양 ","29,890"
"신상 헤어핀 헤어집게 헤어밴드 머리끈 바나나집게핀 ","5,900"
"고구마칩 바나나칩 두부과자 대용량 과일칩 14종 ","9,800"
"바나나는 원래 하얗다 235ml x 24팩 ","18,900"
"오리온 초코파이 30개입/초코파이 바나나 30개입 ","8,900"
"제티 바나나맛 스틱 20개입/바나나우유/네스퀵 ","4,300"
"바나나가루 100g ","1,870"
"( 신세계 가공) (신세계강남점)골든사나바나나칩 350G ","9,210"
"(CU)HEYROO빅바나나우유500ml ","1,500"
"베지밀 입안가득 바나나 두유 190mlx48팩 간식두유 ","27,900"
"악어집게 악어클립 바나나 테스트집게 전선 절연집게 ","1,100"
"바나나잭 바나나플러그/접지플러그 구미단자 전원단자 ","1,420"
"폭죽 불꽃놀이/30연발 바나나빵 로망캔들 10개한세트/ ","4,600"
"파스퇴르 1급A멸균/바른목장우유190ml(24팩)/바나나 ","16,900"
"바나나컵 - 싱글 ","5,000"
"에그 플래닛 오 마이 핸드크림 30ml / 바나나 ","600"
"파스퇴르 1급A원유 바나나우유190ml(24팩) ","15,900"
"1883루틴 바나나 시럽(1000ml) ","14,700"
"고무 ㄱ자형 핀 바나나플러그 1개 ","2,900"
"레고 시티 바나나 레고피규어 레고소품 ","900"
"레고 부품 Plate - 골드 접시와 바나나 ","1,900"
"밀크 앤 퍼니 스트로우 10개x4팩 총40개/우유/바나나/초코/딸기 ","9,780"
"Taysa 미네랄스톤-바나나모양/이갈이용품/설치류/토끼 ","1,200"
"DIY 4mm 바나나 잭/바나나 플러그/리드 케이블 제작 ","2,650"
"BE535 Coms 악어 클립 케이블 바나나 단자 변환 1M ","2,100"
"금장 바나나 플러그 / 조임형 / 바나나잭 ","2,100"
"냉동 초코슈/화이트슈/바나나슈/왕슈 4봉 골라담기 ","11,300"
"미용실 손님 반달 바나나 배꼽 허그 쿠션 ","22,000"
"라벨영 쇼킹 바나나헤어 삼푸1+1 ","19,900"
"악어집게/바나나플러그/접지플러그 구미단자 전원단자 ","1,100"
"몸빼바지 반티 체육대회 운동회 워크샵 바나나반티 ","5,900"
"4mm 바나나 플러그 1조(2pcs)/스피커 연결단자/24k ","5,560"
"바나나 잭(소켓) 적/흑 한세트 ","550"
"파이/초코파이/정/바나나/444g/H13 ","4,210"
"아몬드브리즈 바나나 190ml x 24팩 ","20,800"
"(현대Hmall) 산과들에 바나나칩 500g+500g (총1kg) ","7,900"
"바나나피시 Banana Fish 컴플리트 박스세트 요시다 아키미 ","105,300"
"바나나우유 핸드크림x3 ","7,900"
"동서식품 제티초콕 바나나맛 10개입 /c ","2,990"
"유기농 바나나 멸균우유 125ml 24팩/매일우유/우유 ","21,900"
"2.5mm 고급 바나나플러그/바나나단자 (암) 4색 ","350"
"매일우유 바나나는 원래 하얗다 235ml x 24팩(갤러리아) ","13,900"
"레고/접시+바나나/레고피규어부품 ","2,200"
"아모스 / 컬러점토 / 아이도우 도시락샌드위치 / 햄버거 / 바나나 / 아이도우세트 / 컬러찰흙 / 만들기놀이 ","3,500"
"바나나가루 검은콩가루 발아현미가루 발아보리가루 ","30,000"
"악어집게 악어클립 바나나 테스트집게 전선 절연집게 ","8,550"
"라샘코스 과산화수소 타입 중화제 4kg 바나나향 덕용 ","6,550"
"바나나플러그 바나나잭-바나나플러그 테스트케이블 ","3,600"
"바나나틀/바나나8구틀/바나나빵틀/쿠키틀 ","13,110"
"허니버터링 쿠키 장건강 바나나120g/간식/애견/비스킷 ","2,200"
"썬하베스트골든사바바나나칩 200g 1봉/필리핀직수입 ","4,650"
"퍼셀 치실장난감 과일향 딸기 민트 바나나 복숭아 6종 ","2,400"
"바나나/캐쉬/가계부/핑크풋/스마일바나나캐쉬북 ","670"
"와와와키 바나나 핫도그 텔레폰 다이너마이트 4종 ","10,690"
"쥬피터 바나나퓨레 1.12kg ","11,000"
"CM 케이블메이트 바나나 플러그 고급 20개1set/OFS026 ","20,000"
"무농약 오곡바나나스낵 60g ","1,980"
"프로틴스토리 맛있는단백질 보충제 WPC 2kg 바나나 ","46,800"
"바나나칩500g/롤바나나칩/구운바나나칩/건과일 ","3,500"
"동원 퍼니스트로우 바나나맛3.5gx10개입 ","1,950"
"카카오 바나나걸이 ","5,600"
"바나나걸이 주방용품 수납 정리 아이디어 생활소품 ","5,900"
"판촉물우산 바나나우산/와인병우산/사은품/답례품 ","3,200"
"키딜리셔스 쌀과자 아이 과자 간식 바나나/당근/딸기/ ","4,900"
"입안가득 바나나 두유 190mlx32 ","20,490"
"제티 초콕 바나나맛 10T x 3개 ","11,900"
"바나나플러그 . 1조 2개 ","1,500"
"1+1 LW 트리 스노우빕/바나나 기모 스카프빕/머플러 ","4,900"
"(초담식품) 초담식품 국산 맥주효모 분말 가루 1팩 ","7,500"
"고구마 호박에게 바나나 190ml 64팩P ","29,400"
"(현대Hmall)삼육 바나나 두유 140ml 48개 ","19,900"
"아이배냇 떠먹는 자연간식 / 고구마 단호박 바나나 ","2,800"
"오리온 초코파이 정 바나나 444g x 4갑 ","14,530"
"팬케익4봉+바나나4봉+애플4봉+피스타치오4봉총16봉 ","15,900"
"파스퇴르 바른목장 멸균우유 초코 바나나 딸기 두유 ","13,900"
"아몬드브리즈 바나나 190ml x 24팩 ","20,800"
"바나나우유 바디워시x3 ","22,900"
"앙쥬 치발기 2종세트 (바나나+팔찌+케이스2p+클립2p) ","17,500"
"매일 상하목장 유기농 바나나우유125mlx72팩/멸균우유 ","51,900"
"유기농 어린이 주스 파나나(파인애플+바나나) 1팩 ","1,500"
"금강월드 팝믹스 바나나 3.75kg ","28,500"
"미니 바나나 터미널/소형 단자/고급재질/6개 1묶음 ","1,800"
"바나나향코코넛파우더 400g/ 바나나코코넛 토핑재료 ","5,000"
"예한 바나나지5색/전통한지/현대한지/가공한지/친환경 ","1,920"
"막다른 골목의 추억 민음사 요시모토 바나나  ","10,800"
"천일유통 커피땅콩800g/커피땅콩/건포도/바나나칩 ","3,700"
"바나나우산/양산/우산/우산꽂이/바나나케이스/인테리 ","8,900"
"하이파이 카나레케이블 407SET (2M+2M)바나나단자장착 ","46,000"
"Delicy 초코펜 7종(사과/포도/바나나/딸기/크림/초코) ","1,000"
"아인솝 강아지비누 애견비누 바나나향 ","18,900"
"고려 차그림 과일스무디 바나나 1.8kg/스무디/주스 ","7,680"
"바나나휴대용우산/3단우산/패션우산/아동우산/3단양산 ","8,310"
"주안 바나나장바구니 인쇄가능 대량주문환영 ","550"
"튜불러 타입 바나나 플러그 금도금 나사조임식 CPB-76 ","4,750"
" 라벨영 쇼킹 바나나 헤어팩 200ml ","10,900"
"오디오플러스 커넥터 바나나 플러그 APB-650G (1EA) ","13,440"
"바나나 커터기 (바나나슬라이서 바나나칼 바나나커팅 ","990"
"바나나에센스 바나나우유만들기용에센스 50ml ","3,320"
"(18개묶음)N15214/1000 잘지워지는 바나나 지우개/연 ","16,030"
"크라운 마이쮸 스무디바나나딸기 44gX3개 /젤리 ","1,240"
"바나나A 분말 300g 파우더 건강 선식 우유 반죽 제빵 ","5,600"
"라벨영 쇼킹바나나헤어팩 ","11,900"
"컴스 측정침 테스터기용 프로브 탐침 바나나 단자 테 ","14,800"
"한강 옥수수 딸기 바나나 글루텐 포항-오대양낚시 ","4,700"
"아람출판사-바나나세계창작동화(최신간)미사용새책수준 ","318,000"
"스테인레스 바나나걸이 1P ","3,900"
"(AK플라자) 포커시스 FreePlus 프리플러스 바나나 걸이 다용도 바스켓 블랙 FR ","9,800"
"솜사탕 설탕 재료 바나나맛 1kg ","5,500"
"BSN 비에스엔 신타 6 바나나 2.27 kg ","56,900"
"코오롱 제약 퍼펙트 파워젤 바나나 24포 1박스 ","34,200"
"바나나플러그 잭/접지 구미단자 어스단자 전원단자 ","570"
"SPEAKER VINTAGE빈티지핀 CLIP클립바나나스피커플러그 ","3,500"
"해맑은푸드 바나나칩 500g ","3,900"
"프리미엄 골든 바나나칩 100g ","950"
"뽀로로가 따온 바나나향 치약 250g x 2개/펌핑/어린이 ","11,200"
"구운바나나칩 4kg 벌크 업소용 도매 대용량 ","34,900"
"조은약초 바나나가루 300g ","7,500"
"메디푸드 미니웰 바나나맛 150ml x 48팩 - 환자영양식 ","61,410"
"판촉물우산 바나나우산/와인병우산/사은품/답례품 ","3,200"
"(현대Hmall) 산과들에 바나나칩 500g ","3,500"
"인테리어 바나나걸이 겸용 과일바구니 ","14,010"
"진동기/딜도/여성기구 바나나 먹쇠 수동(랜덤) ","4,500"
"바나나 볼륨패드/왕뽕/볼륨업패드/비키니패드 ","7,900"
"무료배송 바나나 애견하우스 마약방석기절방석 쿠션션 ","14,150"
"메디푸드 미니웰 바나나맛150mlx24팩 뉴케어/당일출고 ","30,200"
"바나나향초코펜/초콜릿만들기재료/세트/코렛/발렌타인 ","1,000"
"30발 바나나빵 /폭죽/불꽃놀이/막대/로망캔들/연발 ","700"
"바삭달콤 고구마칩+자색고구마칩+바나나칩 간식BOX ","11,500"
"이슬나라/바나나가루(바나나분말) 1kg ","12,000"
"페리페라 블러팡 밀크 블러 50ml/피치/퓨어/바나나 ","6,580"
"에이스제약 바나나 젤 100ml 커플젤 러브젤 마사지젤 ","1,800"
"바나나보트/선크림/Banana Boat Lotion SPF100/118ml ","22,800"
"RICH TECH 스피커 바나나 플러그 단자 2개 ","2,600"
"상하목장 유기농 바나나우유 125ml x 24팩 ","20,900"
"과일경단 1kg-오색경단 찹쌀떡 딸기 바나나 멜론 떡 ","7,500"
"대상웰라이프 마이밀 그레인 바나나맛 / 250ml x 6팩 ","14,900"
"바나나농축분말 300g/바나나/가루/파우더/제빵/재료 ","9,900"
"노아 애플 바나나 리치 망고 260mlx12개 ","42,000"
"국산 스테인레스 레이첼 바나나걸이 스탠드 홀더 보관 ","15,300"
"러브젤/흥분젤/윤활젤/핫젤/쿨젤/바나나젤 100ml ","3,000"
" 화과방 맛있는양갱 10곽 (35gx20개입)/꿀밤 꿀통팥 바나나 ","12,000"
"포모나 바나나 파우더 800g ","10,690"
"복합 곤충먹이 후지콘 와이드 바나나블랙젤리 10개 ","3,300"
"원형바나나컵 w 카오디오설치용품 부자재 diy용품 ","4,000"
"다원무역 바나나장바구니 대량주문환영 인쇄가능 ","550"
"앤드로스 바나나 리플잼 1kg/바나나퓨레/과일쨈/필링 ","9,670"
"Coms 테스터기(측정침/탐침형)/IT937/바나나 연결단자 ","5,300"
"FreePlus 멀티 바스켓 바나나걸이 FRP-S-E84601M ","11,760"
"재즈소곡에 바나나 ","5,400"
"금도금 바나나 플러그 모터 전자 커넥터 20쌍 2mm ","6,740"
"오디오 스피커 절연 바나나 플러그 잭 단자 케이블 ","2,500"
"바나나레진N 300g ","8,300"
"웁스 벤토나이트 모래 바나나 4L X 6개 고양이모래 ","11,300"
"스피커 절연 미니 말굽 핀타입 BNC 바나나플러그 단자 ","2,500"
"푸르밀 애플드링크 24개/ 멸균우유/바나나우유/음료수 ","6,470"
"골드 바나나플러그 잭/접지 구미단자 어스 전원단자 ","1,200"
"꽃남방 바나나 신혼여행 워터파크 커플 단체 ","10,000"
"(강추) 중앙 바나나라떼 1kg ","6,480"
"쥬피터 바나나스무디 1.8kg 과일스무디 후루티 딸기 ","8,900"
"초록마을 유기농바나나슬라이스칩(265g) ","6,900"
" 플레이몰 아동반바지5부 바나나 ","1,900"
"프로틴스토리 맛있는단백질 보충제 WPH 2kg 바나나 ","53,960"
"(도매스카이)01081-패트 바나나 변기솔 ","1,600"
"바나나 반달 쿠션 미용실 손님 쿠션 배꼽 허그 쿠션 ","22,000"
"핑거 요거트 바나나 ","3,800"
"썬하베스트 골든사바 바나나칩 100g 1봉 ","2,500"
"오디오 플러스 바나나 플러그 커넥터 APB-550G  ","7,000"
"포티포쉐이크 (바나나맛)600g ","14,000"
"(일본직수입)바나나걸이//바나나걸이/바나나행거 ","3,000"
"바나나 잭 플러그 암 흑색 적색 세트 5A (HAC1110) ","1,800"
"다바오 바나나칩 건바나나 700g ","11,980"
" 우리가스토리 구운 바나나칩 700g 1봉 무료배송 ","8,900"
"10쌍 4mm 절연 바나나 플러그 소켓 잭 커넥터 도매가 ","7,800"
"테스트잭-바나나플러그 910mm ","2,500"
"룰루랄라바나나지갑/반지갑/월렛/캐릭터/학생/큐티 ","9,900"
"카르노 바나나 해먹포치 (소.대) ","5,900"
"PINK_샤프0.5MM_대파_바나나_당근_선인장_채소샤프 ","1,510"
"경성명과/바나나맛카스테라/롤/케익 바나나맛 1개 ","7,600"
"(현대Hmall)파스퇴르 전용목장 바나나 멸균우유 190mlx24팩 ","13,900"
"바나나레진 20g/과일레진/식용색소/과즙/시럽/후레바 ","1,000"
"오울트리 바나나칩 60g 5개 ","7,230"
"바나나맛 우유 240mlX4개입 ","4,600"
"핑크풋 귀여운 바나나모양 바나나볼펜 0.7mm ","1,600"
"괜찮아 껌이야 100g 바나나 - 5개묶음 강아지기능성껌 ","14,810"
"상하목장 유기농 바나나우유 125ml 24팩 ","18,710"
"상하목장 유기농 바나나12팩 딸기 12팩 ","19,200"
"마하링크 스피커 바나나 플러그 흑색 적색 1조 ML-B2 ","2,600"
"SG반하다) 빙그레) 바나나우유 라이트 4세트 (16개) ","16,400"
"바나나크로톤(트위스트크로톤)-크로톤/꼬불꼬불한잎 ","4,000"
"푸르밀 바나나킥우유 200mlx24팩 바나나우유 우유 ","11,300"
"바나나걸이 겸용 과일바구니 ","12,900"
"리코스라운드나쵸칩300g / 꽈배기과자 바나나칩 김고소아 맛다시마 완두콩 하모니콘 두부과자 하모니콘  ","4,000"
"사과분태1kg/사과가루 사과분말 감분 밤 바나나가루 토마토 대추 표고버섯 제과제빵 떡재료 ","24,900"
"바나나농축가루 1kg ","27,500"
"바나나농축가루 50g ","1,980"
"바나나향 80g ","4,620"
"//비앤비 베이비오랄크린액상형바나나향치약70gX1개/ ","4,000"
"최고급형 럭셔리 스네이크 바나나바벨 피어싱(NMP327) / 14k 골드 ","390,000"
" 몽키 바나나귀걸이 알러지방지 침부분 925 실버귀걸이 은귀걸이 원숭이귀걸이  ","9,100"
"아르헨티나 할머니 민음사 요시모토 바나나 요시모토 바나나 장편소설 ","7,200"
"바나나똥 이지북 오소향  ","11,430"
"바나나선풍기/미니팬/휴대용선풍기/유치원/판촉/사은품/부채/나들이/손선풍기/숯불붙이기 ","1,000"
"바나나-분홍바나나(원종) 40립 ","99,000"
"고무 ㄱ자형 핀 바나나플러그 4개 ","10,900"
"ABC쇼핑 바나나매직(1갤런)/크림왁스/광택/오토매직 ","50,000"
"고급형 핀 바나나플러그 2개 1SET/ 핀잭/핀바나나/스피커 핀플러그 ","12,000"
"특가 1+1 바나나 도어스토퍼/도어클로저/묻닫힘 방지 ","4,900"
"월드피넛 바나나칩 800g ","9,800"
"참맛돌이 700g / 꽈배기과자 바나나칩 김고소아 맛다시마 고구마스틱 완두콩 초코락 너트믹스 스넥 안주 ","4,200"
"바나나 나무/조화나무/조화/인조나무/인테리어조화 ","219,000"
"바나나플러그 PB-701/3개묶음  ","1,140"
"삼겹살가위 갈비가위 고기가위 바나나가위 돌판 삼겹살불판 집게 가위 업소용가위 한손가위 양손가위 주방 ","3,500"
"원형단자 TB-201/바나나단자/바나나짹 ","1,000"
"악어사냥/분노의 상어질주/사자조심/바나나칩구출작전 ","23,000"
"(현대Hmall) 이모셔널 CMB 스텐레스 바나나걸이 바보사랑  ","8,840"
"(현대Hmall)더독 new 노블 웰빙 바나나맛 비스킷 X 5개 ","6,560"
"신선약초 국산 바나나가루 300g ","5,500"
"내추럴 키즈 치약 75g X12개/버블껌맛/복숭아 바나나향 ","61,290"
"(괌)하버비치팩 - 바나나보트 / 제트스키 / 스노클링 ","63,660"
"앵글형기억자스피커바나나플러그speaker plug angle ","4,500"
"라벨영 쇼킹 바나나 헤어에센스 3개 ","29,900"
"미라클몰/트롤리젤리 바나나 젤리 100g ","1,390"
"따개비/장식/수조/어항/시클리드/바나나/다람쥐 ","5,000"
"초지일관 무설탕 파인애플 바나나 흑초 500ml 1병 ","14,000"
"유니온 곡가위 255mm /바나나 가위/주방가위/고기가위 ","4,850"
"천연발효 감식초 숨초-망고바나나 3병(3 000ml) ","64,500"
"스피커 앰프 Y러그 바나나플러그 잭 단자 젠더 연결잭 ","2,500"
"바다의 뚜껑 요시모토 바나나 ","11,700"
"BNC바나나젠더/RF동축커넥터/바나나플러그 ","4,200"
"프로게이너 닭가슴살 프로틴 350g_바나나딸기 ","19,800"
"바나나칩 구출대작전 ","23,800"
"(4235번) 계측기 쌍바나나 플러그 적색 ","1,500"
"(4238번) 계측기 쌍바나나용 팔각쌍단자 ","1,800"
"바나나칩 500g ","3,200"
"쥬피터 바나나 스무디 1.8kg ","8,610"
"바나나팬 8구/바나나틀/마들렌틀/마들렌팬/마드렌느 ","13,500"
"반티 바나나 예쁜 체육대회 신혼여행 커플 단체 ","10,000"
"고구마 호박에게 바나나 190ml x 72팩 ","37,900"
"일동후디스 웨하스.초유.DHA.칼슘.바나나 과자 ","3,040"
"(슈니발렌)- 바나나코코넛 / 망치로부셔먹는 독일과자 ","3,400"
"바나나에센스/30mL/바나나맛우유만들기/바나나농축액 ","4,560"
"바나나보트 썬컴포트 선스크린 로션 6ozs (177ml) 2팩 ","50,200"
"바나나 걸이/바나나 원목 걸이/바나나 거치대 ","13,900"
"동원 퍼니스트로우 초코맛3.5gx30개+바나나3.5gx20개 ","10,830"
"PA161)블랙 바나나 피어싱/piercing/써지컬스틸 ","3,800"
"PA170)펄 바나나 피어싱/piercing/써지컬스틸 ","2,500"
" 동서식품 제티 초콕 바나나맛 36g(3.6g 10T)  ","3,000"
" 동서식품 제티 초콕 바나나맛 72g(3.6g 20T)  ","5,800"
"PA714)아이플랜 피어싱/piercing/써지컬스틸/바나나 ","16,000"
"쿡스메이트 올 스텐레스 바나나걸이 과일바구니 ","9,700"
"바나나걸이 바나나보관 바나나행거 건강하게 길게 ","6,900"
"오디오 플러스 바나나 플러그 커넥터 APB-650G  ","15,000"
"옷걸이 바나나걸이 바나나 스탠드 거치대 과일 바구니 ","3,900"
"바나나칩50g / 햄스터 / 다람쥐 / 소동물 ","800"
"무항생제인증 바른목장 바나나 멸균우유 125mlx48팩 ","33,220"
"전용목장 바나나 멸균우유 190mlx48팩 ","25,800"
"나까미치 바나나플러그 24K 금도금 4개(1set)가격인기 ","8,000"
"나까미찌 바나나플러그 24K 금도금 4개(1set)가격O ","7,920"
"페리페라 블러팡 밀크 블러 50ml/피치/퓨어/바나나 ","8,830"
"카르노 바나나 해먹 포치/골든햄스터포치/다람쥐/새 ","7,600"
"과일초콜릿 바나나 100g/색/노란색/과일맛/초콜렛 ","1,300"
"(초담식품) 초담식품 순수한 국내산 맥주효모환 1팩 ","15,900"
"(현대Hmall) 롯데제과 퀘이커 오트밀 바나나아몬드 / 크리미밀크 3입 90g 2종 ","3,520"
"Taysa 미네랄스톤 -바나나 ","1,200"
" 바나나팜스 바나나팜스 거실화 홍기 분리형걸레 슬리퍼-260mm(jy) ","12,460"
"(초담식품) 국산 풋사과 분말 가루 2통 ","18,000"
"바나나우산 휴대용 우산 접이식 홀더 케이스 2단 ","7,500"
"바나나우산/접이식우산/캐릭터우산/미니우산 ","4,900"
"2p 바인딩 포스트 파워앰프 듀얼 4mm바나나 플러그 잭 ","8,500"
"(현대Hmall)삼육 고구마 호박에게 바나나 두유 190ml 72개 ","33,220"
"국내산 키위 유자 파인애플 딸기 바나나 석류 백년초 ","18,000"
"(현대Hmall)삼립 냉동 바나나슈 4봉 ","9,900"
"COMS 바나나 플러그(적색 흑색) 1세트 1열 BB912  ","830"
"쥬피터 바나나 스무디(1.8kg) ","9,300"
"NETmate 바나나 플러그/잭 케이블 1m 블랙 NMC-BB10B ","3,840"
"크롬씨 120정 / 크롬 씨 바나나잎 셀렌 아연 - ","99,900"
"파스퇴르멸균 딸기바나나쵸코우유(190ml 24팩) ","16,900"
"CTS-T13 빅사이즈 바나나 나염 라운드 반팔티 반팔 ","14,900"
"상하목장 유기농 바나나우유 125ml x 96팩 ","79,600"
"펫토리아 강아지 쿨방석 PYF98638SB 바나나 블루 M ","19,900"
"바나나보트 알로에젤473ml/피부진정 당일출고 ","16,500"
"로얄패밀리 크리스피 크레페 바나나향 78g/대만과자 ","1,590"
"에디슨) 바나나 실리콘 과즙망/과즙망 리필 ","3,980"
"바나나 플러그 32a 대전류용 ","1,600"
" 떡편 GAP인증 국산찹쌀~ 바나나/통팥/고구마가 함유된 앙금으로 만든 리얼떡 곶감호박떡 ","4,900"
"크런치 롤 바나나칩 50g/태국 수입 과자 간식 ","1,290"
"뉴핏 뉴트리 단백질 다이어트쉐이크 바나나맛 ","25,900"
"파스퇴르 모음전 멸균우유 딸기 초코 바나나 두유 ","7,900"
"하이비 실리콘 젖병손잡이 자동차/바나나-4가지색상 ","8,000"
"피니 스몰 바나나 젤리 300g 대용량 제리 간식 캔디 ","4,000"
"(현대Hmall) Dole 후룻팝 얼려먹는 주스 3박스 (1박스당 62ml x 8개입 망고/파인/오렌지/바나나) ","14,900"
"사바나나 바나나칩 100g/필리핀/건과일/수입과자/여행 ","2,300"
"2080 캐리키즈가글 250ml/딸기맛/바나나맛 ","1,560"
"KM제약 뽀로로가 따온 바나나향 치약/펌핑치약 ","3,600"
"맘마밀 퓨레 바나나와단호박 100g 5팩 (6개월)/이유식 ","10,500"
"두유 매일 아몬드브리즈 바나나 초코 24팩 ","18,720"
"스피커 단자 변환 젠더 (바나나 말굽 - 핀) 4개 1조 ","20,000"
"l제주l 점보빌리지+바나나먹이+제주 박물관은살아있다 ","13,900"
"마하링크 ML-B2 스피커 바나나 플러그 흑색 적색 1조 ","2,490"
"무광 일자 긴 바나나 헤어집게핀 EM80D MADE IN KOREA ","2,500"
"코지 바나나 레이온 아동잠옷/유아잠옷/아동실내복 ","16,900"
"빙그레 바나나맛 우유 240ml x 8입 ","8,590"
"바나나 인조 과일ㅣ인조바나나 모조 모형 소품 가짜 ","770"
"(길림) 바나나맛 아몬드 210g/ 롭스 ","6,270"
"맛있는 Dole 바나나 6kg내외 4송이 대용량 ","18,900"
"가나 초코우유 190mlx24팩/우유/딸기우유/바나나우유 ","10,350"
"빙그레 바나나맛우유 KIDS 120ML X 24/624811 ","18,810"
"필리핀 고당도 바나나 2다발 4~3kg내외_아이스박스 ","11,900"
"생과일 동결건조 딸기칩/사과칩/블루베리칩/바나나칩 ","27,900"
" 하프클럽/라벨영 쇼킹바나나헤어팩 3개 ","22,900"
"대두분말쉐이크 1+1 몸신이다 셰이크 대두분말 바나나 ","19,800"
"오션글라스 무료배송 바나나 스프릿6p ","18,500"
"메이플시럽 250ml/단풍시럽 딸기시럽 초코 키위 바나나 메론 그레나딘 고구마맛시럽 살구시럽/제과제빵 ","17,300"
"리고 초콜릿시럽 624g/딸기시럽 초코 키위 바나나 메론 메이플 블루베리시럽 살구시럽/제과제빵 식품첨가제 ","4,200"
"ULTIMAX 고급 바나나플러그 2개 1조-골드(BP-916) ","18,000"
"DY 4색 칼라 바나나플러그/바나나잭/바나나단자 ","3,000"
"바나나 리퍼블릭 코도반 미니 7.5ml ","6,000"
"손오공/초코바나나만들기 ","14,000"
"인기 피어싱 총집합/9900원 무료배송/배꼽지/바나나 바벨/316L/택일 ","9,900"
"(무옵션가격) 2개 9900원 피어싱(바나나바벨) / 배꼽지 ","9,900"
" 후르츠칵테일귀걸이 좌우 언밸런스 바나나 사과 수박 큐빅귀걸이 4가지 과일귀걸이  ","7,150"
"아즈텍 일반 바나나플러그-1개 ","3,500"
"바나나 러브젤 100ml [윤활젤/성인용/윤활제/흥분젤/보습젤] ","3,900"
"바나나 피시 banana fish another story 외전 ","8,100"
"바나나 시계초(식용가능 한 열매) 씨앗(6립) 품절 품절 품절 ","5,410"
"[문닫힘방지]바나나 문닫힘 방지/LP-20/문닫침방지 유아안전용품 ","6,750"
"오디오 앰프 스피커 바나나플러그 바나나잭 단자 젠더 ","4,000"
"(1551번) 스피커 골드 바나나 단자 / 바나나잭 ","1,800"
"동서 제티 바나나맛 (20T)X10개입 BOX ","35,000"
"모닌 바나나 퓨레 스무디 1000ml ","18,000"
"바나나도어스토퍼/문닫힘방지/문받침대/손끼임방지 ","3,860"
"포모나 바나나 파우더 800g ","12,060"
"ED 바나나걸이 ","7,500"
"(나노스킨) 바나나아이스 사계절 카샴프 ","19,000"
"패션 바나나우산 노랑3단 예쁜 이쁜학생 아이디어우산 ","10,900"
"극저온 -156 아즈텍 금장 ㄱ형 바나나 플러그 2개 1조 ","10,000"
"바나나 리퍼블릭 클래식 EDT 테스터 100ml (뚜껑없음) ","39,000"
"바나나가 과테말라 대통령을 몰아냈다고(역사를 바꾼 식물 이야기) ","11,700"
"암리타 민음사 요시모토 바나나  ","10,800"
"(보드게임)/루핑루이/텀블링몽키/코코너츠/바나나몽키 ","18,810"
"깜찍 바나나 도어스토퍼 문닫힘방지 문고정 도어락 ","4,300"
"제티 딸기맛 20T 초코렛맛 바나나맛 네스퀵 간식 ","3,230"
"제티 바나나맛 20T 네스퀵 초코렛맛 간식 쿠키앤초코 ","3,500"
"꿈꾸는 하와이 민음사 요시모토 바나나  ","11,700"
"19695 극저온 은도금 최고급 바나나 플러그 2개 1조 ","19,800"
"바나나보트 키즈 롤온 썬크림 SPF50+ 75ml ","22,000"
"바나나보트 베이비 롤온 썬크림 SPF50+ 75ml ","22,000"
"바나나치발기/과즙망/치발기/이유식스푼/턱받이 ","9,900"
"(바나나스푼)할로윈 미키마우스 호박 램프 ","15,530"
"베니앙 실리콘 바나나치발기(케이스포함) ","6,500"
"하이파이 카나레케이블 407SET (2M+2M)바나나단자장착 ","48,510"
"프랑스아이스크림잔-루미낙바나나아이스크림잔:3P ","10,000"
"바나나 케이블 1set/악어클립 일체형(BE481) ","10,400"
"바나나 리퍼블릭 오브 맨 10ml ","9,000"
"일본 바나나커터기/바나나커팅기/케이스/자르기/토핑 ","6,900"
"매직 푸드 바나나 핸드 밀크 ","5,900"
"탄토라 바나나 잎 (10개) / 수질안정 열대어 점막보호 ","6,930"
"바나나 스피커 플러그(세트-검정1빨강1)동양D-BNA-104 ","4,500"
"바나나 스피커 바인딩 DYC(D-BNA-115) ","11,000"
"바나나플러그 계측기 멀티 테스트케이블 구미단자 ","8,400"
"바나나플러그 권총바나나-권총바나나 테스트케이블 ","3,600"
" 바나나팜스 바나나팜스 noble classic여아 주니어 플렛슈즈 우림정장 여구두-24 ","26,780"
"Taysa미네랄스톤(소)/햄스터 이갈이장난감/바나나모양 ","2,370"
"바나나술병마개/바나나 와인병마개/장식소품/주방소품 ","3,200"
"무배 ITA265 바나나 케이블 전원 플러그 파워서플라이 ","7,840"
"(바보디자인)바나나파우치 ","3,720"
"7단 콘 바나나 바벨 티타늄 피어싱 귀걸이 무알러지 ","9,900"
"K9350 Coms RCA 바나나 플러그 일반형 -흑색- ","300"
"바나나 커넥터 / 계측기 바나나 커넥터 / 3개 세트 ","12,900"
"토니모리 매직푸드 바나나 핸드 밀크/핸드로션/크림 ","3,680"
"케이블마트 ABE066 스피커 바나나 2선 케이블 1M ","3,000"
"바나나보트 에브리데이 센시티브 SPF50+ 100g 튜브 ","9,900"
"건바나나칩 비앤지 1kg X 10개 / 말린 건조 바나나 ","81,700"
"어린이성경책 개역개정4판 NIrV 주니어 한영성경책-신약(중/단본/색인/무지퍼/바나나) 기독교백화점 ","18,000"
"바나나보트 페이스 썬크림 SPF50+ 100g ","18,000"
"바나나보트 울트라 썬크림 SPF50+ 400g ","28,000"
"바나나기름받이/기름받이/기름받침/삼겹살기름받이 ","5,600"
"미래통상 GTS2941 2종 바나나 손톱깎이 세트 손톱깎 ","930"
"{또사까}바나나장바구니/시장바구니/인쇄가능/휴대용 ","550"
"석코리아 더리얼 바나나젤 100ml (러브젤)/성인용품 ","5,900"
"0 빙그레 바나나 스페셜 6개입(1440ml) ","9,720"
"0 빙그레 바나나맛 우유 240mlx4개입 ","6,900"
"파미레 바나나 EX 가위 주방 식가위 주방용 업소용 ","3,600"
"(너트타임) 해맑음 바나나칩 800gx2봉 ","16,800"
" 어프리 바나나잎 트레이 (Long) ","2,300"
"레고 슈퍼히어로 고릴라 그로드 바나나 76026 ","173,000"
"신선하게 오래보관OK 인테리어소품 바나나걸이 ","5,900"
"WOW 땅콩보트 3인승 튜브/물놀이/바나나보트/보트 ","580,000"
"샤이닝 BF 중바나나 RN20400378 ","39,500"
"바나나보트 울트라 미스트 썬크림 스프레이 170G ","36,500"
"바나나보트 썬크림 패밀리 사이즈 로션 SPF50 2개배송 ","41,000"
"스피커케이블 407SET (2M+2M) 바나나단자장착 카나레 ","44,040"
"바나나 ","950"
"해태 신제품 마롱케익 12개입/초코파이/바나나/맛밤 ","6,650"
"여름)바나나원피스(그린) 90호 ","15,900"
"바나나 영어: 바로 나오는 나만의 영어 2 - 기초동사편 ","12,600"
"바나나 영어: 바로 나오는 나만의 영어 1 - 기초패턴편 ","12,600"
"(한국산) 착용이 편안한 바나나형 브라패드 vmpad06 ","2,000"
"포모나 바나나 파우더 800g 2개세트 ","21,820"
"구김스 0139_WH 바나나 픽셀 반팔티셔츠 (G16MMRT505) ","22,230"
"u온달/바나나케이스/6175-1612/바나나보관/위생케이스 ","1,230"
"애태타 바나나식초(600g) (3+1/4+2 이벤트) ","11,900"
"몽키바나나슈슈_베이지 ","4,000"
"모닌 바나나 퓨레 1000ml ","16,760"
"30연발 바나나로망폭죽(3입)/막대폭죽/파티생각 ","2,300"
"바나나보트 알로에 애프터썬 겔 250g ","10,500"
"톱니스픈바나나플러그/오디오SPOON스피커BANANA플러그 ","4,500"
"제티 초콕 바나나맛 36g (3.6gx10T) ","2,950"
"베스트식자재 웰빙푸드 바나나칩 1kg/건포도/바나나칩 ","6,800"
"바나나 파라솔 2700(받침대 별도) ","137,200"
"제티 초콕 바나나맛 스트로우 10개입 ","3,200"
"원형바나나컵 카오디오부자재 앰프 우퍼박스 ","4,000"
"Z 바나나롤칩 300g X 10봉 ","36,900"
"국산 바나나보관 겸용 과일바구니/바나나걸이/식탁정 ","20,450"
"오상라이스 건살구 포도 파파야 바나나칩 크랜베리 등 ","6,000"
"베티나르디 바나나 베리 티 80g 잎차Tin ","17,000"
"막다른 골목의 추억 요시모토 바나나 ","10,800"
"키친 요시모토 바나나 ","10,800"
"안녕 시모키타자와 요시모토 바나나 ","10,800"
"바나나가 과테말라 대통령을 몰아냈다고 : 역사를 바꾼 식물 이야기 한대규 황미라 ","11,700"
"푸르밀 바나나킥우유 96개/ 멸균우유 / 바나나우유 ","54,790"
"1883 바나나 시럽 1L ","14,500"
"포모나 바나나 파우더 800g/까로망/스무디/라떼/세미 ","10,640"
"일자형바나나스피커플러그잭SPEAKER BANANA PLUG JACK ","4,800"
"바나나칩 구출대작전 ","19,660"
"20673 TACHII 싱글와이어링케이블1m바나나-말굽 ","85,100"
"20673 TACHII 싱글와이어링케이블3m바나나-말굽 ","99,400"
"구운 바나나칩 500g ","4,900"
"(st푸른농원) 미국산 새콤상큼한 레몬 1.2kg내외 10과 ","16,600"
"바나나향 프래그런스오일 100ml ","5,500"
"바나나 체육대회 반티 몸빼 세트 운동회 로고 ","13,000"
"미인과친한 새콤달콤 썬키스트팬시 레몬 (40과/4.8kg/개당 120g내외) ","24,900"
"(바보디자인)벼머리 바나나 헤어핀 ","7,900"
"바나나칩 구출대작전 ","19,300"
"바나나팬 4구/바나나틀/마들렌틀/마들렌팬/마드렌느 ","8,800"
"신길 스피커연결 바나나플러그/바나나잭(2개1조세트) ","3,160"
"포핸즈에 바나나 고인혜 ","6,300"
"포핸즈에 바나나 세광음악출판사 고인혜 장진양  ","6,300"
"포핸즈에 바나나-둘이서 만드는 달콤함 ","6,300"
"아임웰 하루습관 과일칩 사과 바나나 파인애플 칩 10팩 ","29,240"
" 청담라이프 바나나식초 650ml ","11,380"
"(6개)일동후디스 순 곡물바/당근/치즈/바나나 택일 ","20,200"
"초록마을 유기농바나나(팩/500g) ","3,900"
"일동후디스 과자 웨하스 초유 DHA 칼슘 바나나 ","3,390"
"사운드킹CG104오디오바나나스피커플러그BANANA PLUG ","3,000"
"비앤비 보령 B앤B 베이비치약 액상 바나나 80g ","3,700"
"TOM/이안스/슬러시원액 바나나향 시럽(1kg)/스무디/ ","3,100"
"왕바나나지우개 어린이선물/단체선물/왕지우개 ","1,000"
"놀부피싱 3B상사 번데기 딸기/바나나 ","3,800"
" 앵무새 건조 바나나 앵무새간식/새간식/앵무새과일/ ","3,420"
"라이프서포터/신라명과 한눈애 바나나 22g 16개 ","9,490"
"무료배송 웁스 두부모래 바나나 7L X 6개 고양이모래 ","31,900"
"(우리가스토리) 무료배송 구운 바나나칩 700g 1봉 ","8,720"
"핑거 요거트 바나나 ","3,820"
"바나나 소프트 강아지옷올인원 애견잠옷 가을옷겨울옷 ","24,600"
"미화 바나나변기솔 대형운동화솔 바닥솔 화장실청소 ","1,000"
"바나나걸이 바나나보관 바나나거치대 ","6,900"
"LG G6 후르츠 여름 과일 케이스 딸기/수박/바나나 ","8,290"
"(전3권) 키친 + 바다의 뚜껑 + 하드보일드 하드 럭 세트 - 요시모토 바나나 / 민음사 ","31,500"
"미네랄스톤/햄스터 이갈이장난감/미네랄블럭/바나나 ","2,850"
"(인테이크) 배부른 바질씨드 바나나(140g)+딸기(140g) ","14,900"
"가루비 바나나가루/마사지분말/천연팩/비누재료 ","3,500"
"필리핀 바나나칩 500g 건조 말린 과일 과자 ","3,900"
"바나나팜스 바나나팜스 주니어 숙녀슬리퍼 ht미팅 컴포트슬리퍼-250mm(jy) ","20,270"
"(이홈베이킹)바나나틀 ","1,610"
"무료배송 제티 스틱 바나나맛(20Tx5팩) ","21,150"
"아이배냇_쌩마멧유기농사과바나나_190G ","4,290"
"우리가스토리 구운 바나나칩 700g 1봉 ","6,900"
"퍼피짱 바나나 원피스 /강아지원피스 ","18,870"
"전설의 개껌 바나나 10p ","2,800"
"미니어쳐 깐바나나/미니어쳐음식/장식소품 ","2,300"
"프로엠맘스케어 유기농까까 핑거스낵 망고퍼프 바나나 ","7,800"
"Coms K9350 RCA 바나나 플러그 일반형 -흑색- ","280"
"괜찮아껌이야 유산균 바나나껌 100g ","1,910"
"바보사랑 (LG) 바나나 패턴 민트 B 2196 하드 케이스.봉봉케이스 ","6,630"
"바나나 그 다음 - 그러니까 괜찮아 이건 네 인생이야 ","13,500"
"바나나칩 철캡고급용기 140g ","2,900"
" 스케치 튜브 바나나젤 100ml 러브젤 에이스제약 정품 ","3,500"
"바나나우산 바나나케이스 접이우산 ","7,500"
"치아발육기 베이비바나나 손잡이형 바나나치아발육기 ","14,460"
"파이쿠키 위드 모찌바나나맛 80g ","1,890"
"일동후디스 아기밀냠냠 웨하스3팩/초유/DHA/바나나 ","6,900"
"바나나 필링필링 골드 각질제거 피테로마 ","29,800"
"구운바나나칩1kg ","13,900"
"동결건조 태국산 바나나55gx7팩/ 무료배송 ","35,910"
"바나나캔디 400g 바나나엿 땅콩엿 참깨엿 베트남캔디 ","3,650"
"스피커 앰프용 4mm바나나플러그 4개1세트 ","3,800"
"바나나가루 300g ","7,500"
"미라클몰/크리스피 크레페 바나나향 78g ","1,670"
"왜성 바나나 씨앗/더드림스토어/희귀 씨앗/종자 ","9,000"
"꽃장식 바나나 줄기 바구니 2P 3P 뚜껑 수납 정리 용 ","7,500"
"JSBE066 스피커 선을 연결할 수 있는 바나나 2선 1M ","1,980"
"괜찮아 껌이야 100g 딸기 우유 바나나 ","2,100"
"아몬드 브리즈 바나나 190ml 24팩 ","19,900"
"마시는 포만감 헤비주스 닭가슴살+바나나맛 10팩 ","33,000"
"QED Screwloc 4mm 바나나 단자 (4개) ","44,000"
"캐나다 혈당엔바나바 60정 바나나추출물 비타민 보충 ","28,400"
"동요에 바나나 - 첫 눈에 반한 연주곡집 ","5,400"
"JSITA265 파워서플라이 바나나 멀티 전원 플러그 연결 ","6,930"
"동요에 바나나(도시락 동요곡집)(도시락 동요곡집) ","5,400"
"꽃놀이 바나나헤어핀 ","9,500"
"바나나걸이(화이트)+바나나걸이(카카오) ","8,900"
"BB912 스피커 선 연결 바나나 플러그 적/흑색 1세트 ","1,000"
" 신라명과공식몰 첫눈애바나나 ","10,470"
"바나나 리퍼블릭 와일드 블룸 테스터 100ml (뚜껑x) ","18,000"
"바나나칩 60g x 20개 ","39,800"
"PS-013 바나나 리테이너 피어싱 ","500"
"프리미엄 바나나가루/바나나분말/바나나선식 300g ","6,000"
"혈당엔 바나바 바나바잎 추출물 바나나잎 면역기능 건 ","26,970"
"스텐 바나나걸이 겸용 과일바구니 1P ","11,200"
"파스퇴르 1급A원유 바나나우유190ml(48팩) ","28,400"
"우퍼박스 바나나컵 단자함 스피커 카오디오 앰프장착 ","6,000"
"파스퇴르 전용목장 바나나 멸균우유 190mlX24팩 ","13,900"
"제티 바나나맛 340g(20입) 10곽 1박스 ","38,500"
"화과방 바나나/크림치즈모찌떡(30입) 1+1 ","24,900"
"BE863 IC 후크 바나나 플러그 리드케이블 ","5,500"
"파스퇴르 전용목장 바나나 멸균우유 190mlx24팩 ","13,900"
" 에프디트릿 반려동물 건조간식 에프디트릿 바나나 75 ","6,560"
"나카미치 바나나플러그 24K 금도금 1개가격 인기모델 ","2,100"
"제작 RG58 SMA(수)-더블 바나나플러그 케이블 0.5M-3M ","9,000"
"S)김밥용기로적당/국내생산제품/미니도시락/바나나통 ","1,780"
"발비시아나 바나나 씨앗/SEED/희귀 씨앗/종자 ","9,500"
" 바나나팜스 바나나팜스 뽀로로 아동화 컴포트 슬리퍼(sn) ","9,110"
"동서 제티 바나나맛 20T ","3,400"
"DA DC 전원 후크형 리드봉 바나나 플러그 케이블 2선 ","5,040"
"CFD01637 해쉼 동결건조 바나나칩 (필리핀 30g) ","2,900"
"매일 아몬드브리즈 바나나 190ml ","950"
"KF (BE866) DC 전원 후크형 리드봉 / 바나나 플러그 ","5,090"
"KF (BE852) IC 후크 / 바나나 플러그 리드케이블 2선 ","1,660"
"NETmate NMC-BC10R 바나나 플러그/잭 - 악어 클립 케 ","4,500"
"NETmate NMC-BC10B 바나나 플러그/잭 - 악어 클립 케 ","4,500"
"베지밀 입안가득 바나나 두유 190mlx32 ","20,900"
"옵티멈 골드 스탠다드 100% 웨이 딸기 바나나 2.27kg ","68,900"
"토츠 6개 + 칠드런코코넛바나나향치약 USDA인증 ","20,900"
"리얼 프로틴볼 250g 콜라겐 바나나 근육 헬스 보충제 ","28,000"
"뽀로로 펌핑치약 바나나향 250g/유아치약/어린이치약 ","4,800"
"하늘청 유기농 바나나식혜 1박스(125ml X 24개) ","13,100"
"노스톤(Norstone) 골드 바나나플러그 스피커단자(4ea) ","19,200"
"공기정화식물/바나나크로톤 원통화이트/바나나클로톤 ","7,000"
"모던하우스 바나나걸이 ","5,690"
"(현대Hmall) 칼리플라밍고 칼리 라텍스 장난감 바나나독 ","7,150"
"(스토어봄)칼리 라텍스 장난감 바나나독 ","6,840"
"손잡이샵 바나나 걸이/스탠드/걸이/보관 아카시아 정품 ","12,800"
"바나나칩 5.44kg ","34,000"
"베지밀 입안가득 바나나 두유 190mlx48 ","31,790"
"(그대로말린) 그대로말린 오늘은 바나나 25g X 3팩 / 바나나100% / 프리미엄 건조과일칩 ","10,500"
"썬키스트 동결건조 과일칩 6입(바나나 파인 망고) ","15,900"
"특이한 필통 바나나 캐릭터 파우치 펜슬케이스 볼펜 ","2,100"
"RICH TECH BFA 스피커 바나나 플러그 단자 2개 ","3,600"
"청아 바나나팬케익61g10봉지 ","12,900"
"ACBE857 IC 후크 / 바나나 플러그 케이블 2선 - 57mm ","3,960"
"BE857 IC후크 리드선 바나나 케이블 2선 BK/RD 57mm ","2,200"
"괜찮아 껌이야 100g(바나나) ","2,330"
"NEW 후디스 바나나 웨하스(1box 6개입) / 무료배송 ","16,560"
"바른목장 멸균우유 초코 바나나 딸기 2박스48팩 ","28,320"
"Hot Kid 올가닉 쌀과자 바나나맛 베이비멈멈 50g x4개 ","22,900"
"제대로된영양한끼 마이밀 바나나 by뉴케어 250mlx24팩 ","47,900"
"바나나(F) 판넬 컨넥터(보급형.레드) ","1,380"
"바나나(F) 판넬 컨넥터(보급형.블랙) ","1,380"
"바나나(M) 컨넥터(일반형.레드) ","1,520"
"바나나(M) 컨넥터(일반형.블랙) ","1,520"
"달콩팬시 룰루랄라 바나나 비밀일기장 ","4,130"
"스킨79 헤어 리페어 스무디 바나나 손상모발 4+1 ","9,030"
"러브 100프로 바나나맛 밀쿠밀쿠 750ml ","37,900"
" 자연원 두번엄선한 냉동 아보카도 바나나 믹스 750g x 2팩 ","18,000"
" 버츠비 비즈왁스 앤 바나나 핸드크림 57g ","12,200"
"진동기/딜도/여성 기구 바나나먹쇠수동(스킨) ","9,400"
"사바나나 바나나칩 100g/필리핀/건과일/수입과자/여행 ","2,300"
"(무료배송)필리핀 사바나나 바나나칩X10봉/건바나나 ","25,200"
"오마이도기 동결건조 과일칩 강아지 간식 25g 바나나 ","3,500"
"거버 2단계 오가닉 이유식 99g 바나나 블루베리 오트 ","3,500"
"동결건조 요거트큐브 6종 플레인/사과/망고/바나나/블루베리/딸기 ","3,100"
"모리나가 하이츄 바나나맛 50g X 10팩 ","24,620"
"매일멸균 바나나는하얗다 235ml 24팩 ","14,090"
"더리얼 퍼프 바나나 38g/동결건조 저칼로리 ","3,400"
"(QED)SILVER ANNIVERSARY XT 3m +카본바나나단자 세트 ","96,000"
"(이글케이블)CALYPSO II 4.0 3m +카본바나나단자 세트 ","86,000"
"(이글케이블)실버라인4.0 3m +카본바나나단자 세트 ","116,000"
"바나나 가족 임지형 ","9,900"
"바나나 가족 ","9,900"
"1000 포포팬시/바나나 연습장/랜덤/1000원 연습장 ","700"
"무료배송 상어하우스 반려동물 하우스 및 바나나방석 ","14,900"
"새감바 버거 고구마 100G 1+1 /새우 바나나 고구마/강아지간식 ","4,500"
"새감바 버거 고구마 100G 5팩 /새우 바나나 고구마/강아지간식 ","8,650"
"앙쥬 치발기 2종세트 ( 바나나치발기 + 손목치발기 ) ","17,500"
"피치앤바나나 2중보관 여성용품 소품파우치백 PSM014K ","19,000"
"치발기 2종세트 (바나나+입술+케이스2p+실리콘클립2p) ","12,800"
"치발기 2종세트 (바나나+기린+케이스2p+실리콘클립2p) ","18,500"
"피치앤바나나 여행용 노트북가방 숄더에코백 PSS002K ","19,000"
"원형바나나컵 우퍼 제작 DIY 부자재 부속 ","4,000"
"프래그런스 오일_과일향_바나나우유 200ml ","14,900"
"파스퇴르 전용목장 바나나 190mlx48팩 ","27,240"
"치발기 2종세트 (바나나+딸기+케이스2p+실리콘클립2p) ","17,500"
"치발기 2종세트 (바나나+손목+케이스2p+실리콘클립2p) ","17,500"
"치발기 2종 세트 (바나나+기린+케이스2p+집게2p) ","18,500"
" 메디푸드 메디푸드 미니웰(바나나맛) ","29,500"
"핑크풋 당근 바나나 옥수수 선인장 샤프펜슬 모음 ","1,520"
"앙쥬치발기2종(바나나+손목-원숭이옐로)(케이스+집게) ","17,500"
"러브젤/마사지젤/바디오일 바니 러브라인젤(바나나향) ","3,000"
"바나나 숨숨집 강아지 고양이 하우스 집 ","14,150"
"바나나 리퍼블릭 와일드 블룸 우먼 50ml ","11,500"
"세진식품 바나나칩50g /맥주/안주/건어물/견과류/육포 ","650"
"메디푸드 미니웰 바나나맛 (150ml 24팩) ","29,500"
"월포 바나나걸이/정리함/월포 청소포/회전밀대 ","3,400"
"딩동펫 애견 강아지마약방석 바나나방석_S ","8,900"
"슈프림 헤이즐햄스터 120g 바나나딸기살구 먹이 햄스 ","18,810"
"뉴케어 마이밀 바나나 (250ml x 48팩) ","86,220"
"제주 맛집 제라헌 바나나떡/망고떡(각15개씩/총30개) ","28,900"
"제주맛집 제라헌 오메기/녹차/견과/바나나/망고 떡 ","28,900"
"냉동 바나나 3kg(1kgx3팩)/인기만점 영양과일 som ","22,800"
"바나나우유 바디워시x3+샴푸+(증)핸드크림 ","19,900"
"(현대Hmall)파스퇴르 바른목장 바나나 멸균우유 125mlx24팩 ","17,540"
"(현대Hmall)악마발효 바나나식초 500ml 3병 ","45,000"
"건바나나(비앤지 1K)/식당/건바나나칩 ","10,000"
"TOM/이안스/슬러시원액 바나나향 시럽(1kg) ","3,000"
"2080 라인프렌즈 어린이치약 (무불소/바나나향) 60g ","5,850"
"2080 키즈가글 캐리(바나나맛) 250ml 3개 ","5,100"
"크라운 NEW 콘딸바 신상과자 딸기/바나나 66g ","1,100"
"트롤리 키스 스파게티니 샤크 바나나 100g ","1,280"
"태국 바나나칩 건과일 바삭한 달콤한 150g ","3,300"
"S-XXL 큐트 올인원 강아지 내복 바나나 오리 축구공 ","11,000"
"DA 오리온 4509 바나나 초코파이 정 444g 8개입 1박스 ","41,730"
"바나나 둥지 애견 강아지 고양이 집 강아지쿠션 잠자 ","28,690"
"마켓에이치 스미후루 스위트마운틴 바나나 2입봉x12개 ","13,900"
"아이간식 찰떡 아이스떡 바나나찰떡1.6kg /30gx53알 ","19,900"
"행복담은식탁 아이간식 찰떡 바나나찰떡 1.6kg (30gx53알) ","16,420"
"유아 베이비 아기 수영복 바나나 우주복 래쉬가드 ","22,900"
"오디오 스피커 앰프 커넥터 바나나플러그 바나나잭 ","3,920"
"건바나나 바나나칩 700g ","5,900"
"2000바나나볼펜BOX 과일볼펜 후르츠볼펜 특이한볼펜 ","30,800"
"바나나 벙거지모자(1378)-버킷햇-패션모자 모자 벙거 ","14,910"
"한우리 자연아름 달콤한 바나나칩(말린 바나나) 500g ","3,610"
"애태타 바나나 식초 발효액 600g ","12,900"
"오토브라이트 다이렉트 AD 카바누바 바나나 액체 왁스 ","31,500"
"TS과일맛 젤리 망고젤리 바나나맛 배맛 망고구미 ","3,460"
"(무배)HJ 몽키바나나칩 450g 건과일 말린 대용량 업소 ","11,900"
"큐티 과일 숄더백 사과 바나나 크로스백 가방 ","9,400"
"오울트리 바나나칩 60g ","2,280"
"핑크풋 바나나 슬림필통 ","4,400"
"프리미엄 얼음주머니 6인치 바나나옐로우 물주머니 ","4,900"
"미스펫 우유팩 스크래쳐 (바나나우유) (33x35x폭31) ","15,500"
"바나나 걸이 / 바나나 모양 행거 보관 거치대 보관대 ","3,500"
"무료배송 머슬쉐이크 바나나 1kg ","53,000"
"갈리온- 바나나걸이 바나나랙 ","3,320"
"앙코 바나나쿠션 폴리쿠션 미용실 반달쿠션 수유쿠션 ","19,900"
"냉동 바나나(슬라이스) 5kg ","27,900"
"바나나걸이 케이스 보관 주방 행거 대 과일 인테리어 ","3,800"
"(마음이가) 낱개소포장 샤르르쫄깃 바나나떡 (40gX12개) ","13,500"
"TS 바나나맛 대용량 젤리 400g (약 40개 낱개포장) ","3,690"
"조이멀티 바나나 유아 래쉬가드(1-6세) 203813 ","24,450"
"바나나칩 500g+500g ","7,900"
"휴대용 바나나 케이스 1P 간식통 과일 보관함 수납 ","1,800"
"발비시아나 바나나 씨앗 5립 / 종자 희귀씨앗 (18-E) ","6,500"
"다르질링 바나나 씨앗 5립 / 종자 희귀씨앗 (18-F) ","6,300"
"2120A 달콤바나나 여성 파자마 세트 ","14,010"
"바나나 슬링 크로스백(38007-0059)(갤러리아) ","21,840"
"망고바나나맛 아몬드 300g 10gx30개입 ","10,600"
"TTPet 바나나 삑삑이 봉제 인형 1p 강아지 장난감 ","1,500"
"원형 우퍼 박스 바나나컵 단자함 카오디오 앰프 장착 ","6,000"
"바나나보트 선크림 354ml/Banana Boat Sport SPF 50 ","23,280"
"바나나보트 키즈맥스 선스크린 썬로션SPF100 118ml ","24,830"
"바나나칩 100g 자연간식/소동물/햄스터 ","1,700"
"어니언+바나나맛+와사비맛 아몬드 (각각 180g) ","11,900"
"파스퇴르 바른목장 큐브치즈 바나나126gx2개 ","14,150"
"고급원형 바나나컵 우퍼 제작 부자재 카오디오 용품 ","2,500"
"연세 바나나 우유 200ml x 72입 ","47,500"
"소비아 (바나나) 수제 과일비누100g 핸드메이드선물 ","2,000"
"갤럭시S10 S9플러스 노트9 8 바나나우유 그립톡케이스 ","9,800"
"하림 더리얼 퍼프 바나나 38g ","4,000"
"S 핀덴키즈 3in1 바나나향 1200ml 1+1+1 ","26,090"
"미소한입 바나나칩 380g ","4,800"
"바나나칩 600g+600g 옛날 과자 특대량 MD6 ","8,450"
"(메가커피) 오곡바나나주스 ","3,610"
"조비스 바나나칩 320g ","8,510"
"바나나 트룰리 너리싱 헤어 트리트먼트 240ML (96495) ","25,000"
"착한마을 앙금절편1박스+콩쑥개떡1박스+바나나떡1박스 선물세트 ","29,900"
"올패턴 토이 키링-바나나 몽키덕 ","7,800"
"AD 오토브라이트 바나나 글로스 카샴푸 500ml 폼샴푸 ","17,800"
"Coms) 악어 클립 케이블 (바나나 단자 변환)-1M ","4,050"
"마하링크 스피커 바나나 플러그 흑색 적색 1조 ML-B2 ","2,600"
"미니언즈 바나나 스쿨백팩 아동 초등학생 책가방 ","12,160"
"샌드마스터 크랙 고양이 두부모래 바나나 2.8kg x 6개 ","53,400"
" 올블루 슈프림 헤이즐 바나나 딸기 살구 햄스터간식 120g ","7,900"
"아이키커 딸기 바나나 10팩 어린이 홍삼 음료 2019년 ","9,900"
" 바나나팜스 특별기획 주니어 아동화 mg 티아라 운동화-230mm(cp) ","18,410"
" 바나나팜스 특별기획 아동화 피셔 프라이스 동물원 단화(cp) ","13,760"
"바나나미인 바나나미인M ","2,500"
" 보디가드 보디가드 예스 바나나 프린트 드로즈 YSMDV761 (P000684903) ","9,000"
"애견 칭찬간식 허니버터 바나나 쿠키 5개 영양간식 ","11,180"
"베지밀 정식품 베지밀 입안가득 바나나 두유 190mlx4 ","20,900"
"남양_유기농옳은바나나우유_120MLx3 ","3,200"
"오울트리 바나나칩 60g 10개 ","18,260"
"망고바나나맛아몬드 10g ","360"
" 바나나팜스 특별기획 주니어 아동 방한화 무지컷hi 털운동화(cp) ","12,830"
"랜시 바나나찰밥 400g 냉동식품 식자재 전문 ","7,900"
"해태 오예스빅 바나나앤초코크림 1개입 x 20개 ","31,600"
"바나나시바 - 후르츠시바 에어팟프로 케이스 ","14,500"
"제티 쵸코/딸기/바나나/쿠키 20T 우유친구 ","3,050"
"악어집게 악어클립 바나나 테스트집게 전선 절연집게 ","130"
"구미단자 절연 권총 바나나플러그 PB701 바나나쇠 ","230"
"서울우유_맛단지바나나220MLx4입 ","4,380"
"메디푸드 미니웰 바나나맛/OS/커피맛 (150ml 24팩) ","28,410"
"제티 쵸코렛맛 80T 딸기맛 바나나맛 쿠키앤초코 우유 ","11,500"
"도색집게 악어집게 악어클립 바나나 테스트집게 전선 ","120"
"비앤비 베이비치약1단계 오랄 액상형 80g 사과/바나나 ","3,500"
"바나나플러그/접지플러그 구미단자 전원단자 어스단자 ","1,000"
"매일_상하목장유기농멸균바나나125MLx3 ","3,100"
"바나나걸이/주방용품/냉장고정리함/아이디어용품/정리 ","5,900"
"사바나나 바나나칩X10봉지/수입과자/필리핀바나나칩 ","22,610"
"FreePlus 멀티 바스켓 바나나걸이 FRP-S-E84601M ","9,200"
"바나나는 원래 하얗다 235ml x 24팩 ","12,540"
"바나나플러그/바나나잭/수작업공구/전자부품/전기부품 ","1,200"
"제티 340g(17g x 20개입)/초코렛/바나나/딸기/쿠키 ","2,750"
"매일유업 바나나는원래하얗다 235mlx24팩/바나나우유 ","16,900"
"연세_바나나멸균우유_200MLx24 ","12,900"
"고구마칩/카사바칩/바나나칩/웰빙간식/과일칩/견과류 ","6,900"
"메디푸드 미니웰 바나나맛/OS/커피맛 (150ml 24팩) ","30,200"
"악어집게 악어클립 바나나 테스트집게 전선 절연집게 ","1,000"
"제티모음/20T/초코렛맛/딸기/바나나/핫초코/미떼/우유 ","3,200"
"(행사상품)동서식품_제티바나나스틱_20T 340G ","2,900"
"라벨영 쇼킹 바나나 헤어팩 200ml 2개 ","18,000"
"바나나 단자 연결잭 /변환잭/바나나 단자 젠더/플러그 ","500"
"바른목장우유125ml/바나나우유125ml(48팩) ","33,800"
"파츠키츠/악어클립-바나나플러그케이블/1M/테스트코드 ","960"
"Dole 아이스팝 파인애플/오렌지/바나나/망고 ","3,610"
"악어집게 악어클립 바나나 테스트집게 전선 절연집게 ","950"
"매일유업 멸균우유 저지방 초코 딸기 바나나 24팩 ","12,250"
"(세븐일레븐) 빙그레)바나나우유240ml ","1,400"
"생 바나나잎Banana leaves1kg내외 ","11,500"
"바른목장 바나나우유 48팩 ","28,130"
"바나나짹 바나나플러그 - 암 수 한쌍 ","910"
"(현대Hmall)베지밀 입안가득 바나나 두유 190mlx32팩 ","18,520"
"오리온 초코파이 30개입/초코파이 바나나 30개입 ","8,900"
"푸르밀_생과즙바나나우유_225MLx6 ","3,980"
"거북농산 필리핀 바나나 8-9손/멕시코바나나 10봉지 ","26,190"
"메디푸드영양식미니웰os/바나나/커피/순한/150mlx24팩 ","27,850"
"(현대Hmall) 동원 밀크앤퍼니스트로우 10팩 6개총60개/바나나/딸기/초코/쿠키앤크림 중 택1 ","12,640"
"제티 20T 초코렛맛 초코 스틱 딸기 바나나 쿠키앤 ","3,130"
"국내제작 스텐레스 바나나걸이 (철제코팅 아니에요) ","8,800"
"베지밀 두유 32팩 A/B/검은콩/에이스/바나나/시니어 ","19,900"
"동결건조과일 5종/망고스틴 두리안 파인애플 바나나 ","4,600"
"바나나잭 / 악어클립 / 바나나 단자 1M ","1,200"
"파스퇴르멸균 딸기/쵸코/바나나우유(190mlx96팩) ","45,600"
"(쥬씨)딸바(딸기+바나나)쥬스 M ","2,000"
" 첫눈 바나나 16개세트(대)종이쇼핑백증정 ","10,500"
"바른목장우유125ml/바나나우유125ml 24팩 ","17,000"
"메디푸드 미니웰 바나나맛 OS 커피맛/메디에프 스마일 ","27,200"
"달콤한 바나나칩 400g+400g /땅콩 커피땅콩 아몬드 ","4,600"
"과일식초/바나나식초/천연발효식초/500ml/1000ml ","7,000"
"바나나 프로브/정밀 리드봉 /멀티메타 프로브 /프로브 ","5,800"
"바나나우유 리바이탈 마스크팩 20매 ","11,900"
"바나나 슬라이서 과일 햄 슬라이스 커터 칼 샌드위치 ","10,350"
"(초담식품) 초담식품 코코아 카카오 분말 가루 1팩 ","7,500"
"_유기농바나나 페루 _송이 ","4,860"
"쇼킹 바나나헤어에센스 /힘없고처진모발/윤기+탄력UP ","10,900"
"9가지 비타민 제티 초코 80T/딸기/바나나/미떼/우유 ","8,900"
"빙그레_바나나우유6입기획 바나나 라이트 _240MLx6 ","6,480"
"국민치발기/바나나/수박/심통치발기/퍼펙션/실리콘 ","9,800"
"한지로/한지/운용지/응용한지/디자인한지/바나나지 ","2,000"
"썬하베스트 골든사바 바나나칩 200g 5봉 ","23,900"
"파스퇴르 바른목장/내츄럴/딸기/쵸코/바나나 ","18,900"
"동결건조과일칩 말린과일 건과일 바나나칩 건조과일칩 ","3,100"
"정품 돌 바나나 4kg내외 2~3수 안동애가족 ","17,950"
"쇼킹 바나나헤어에센스 /힘없고처진모발/윤기+탄력UP ","10,900"
"구운바나나칩 700g ","7,500"
"고구마 호박에게 바나나 190ml x 48팩 ","26,900"
"바나나꽃Banana blossom 1kg내외(1개) 1box 10kg ","75,050"
"(당일배송) 절연 바나나 ㄱ형 플러그 4mm 색상 선택 ","370"
"바나나는 원래 하얗다 235ml x 24팩 바나나우유 ","16,500"
"바나나 필리핀 _송이 ","5,420"
"한미전두유 200mlx16팩/유기농두유/검은콩/바나나두유 ","8,500"
"{캔디마을}{특가}2500말랑카우 밀크/딸기/바나나 ","1,950"
"어성초 바나나 차전자피 다시마 어성초가루 ","9,000"
"앙쥬 치발기 2종세트 (바나나+입술+케이스2p+클립2p) ","12,800"
"연세우유바나나퐁당 연세우유 바나나퐁당 190mlx24입 ","11,900"
"거북농산 자몽 레몬 바나나 파인 오렌지 야자 ","3,500"
"바나나가루/딸기가루/사과가루/키위가루/유자가루 ","8,000"
"필리핀 썬하베스트 골든사바 바나나칩 100g 9봉+1봉더 ","22,800"
"대용량 바나나칩박스 땅콩과자 업소용 노래방안주과자 ","31,500"
" 신라명과 첫눈애바나나 16개입 ","10,900"
"서울우유 앙팡 까요까요/플레인/딸기/바나나/초콜릿 ","11,990"
"스케이터 바나나 케이스/일본 정식수입 정품 ","5,200"
" 다이소 논슬립 코팅 바나나걸이-73341 ","1,940"
"조비스바나나칩 320g 필리핀 대표간식 맥주안주 ","8,100"
"연세우유 바나나퐁당 190mlx24입 /멸균우유/우유 ","10,900"
"바나나칩 1kg 구운바나나칩 700g 고구마스틱 1kg ","5,600"
"찹쌀떡/바나나떡/쑥떡/왕찹쌀떡 두텁떡 선물 ","8,500"
"미용실 배꼽 허그 반달 바나나 수유 쿠션 ","22,000"
"뉴케어 구수한맛 검은깨 당플랜 바나나 딸기 커피30개 ","41,900"
"한울타리 바나나칩 500g/말린바나나/건바나나/ ","3,300"
"(쥬씨) 초바(초코+바나나)주스 M ","1,470"
"미라클몰/피니젤리80g 7종/바나나/문어/곰/악어/콜라 ","810"
"바나나케이스/도시락통/밀폐용기/이유식기/판촉물/돌 ","1,500"
"(초담식품) 초담식품 카스피해유산균 종균 ","14,600"
"악어집게 악어클립 바나나 테스트집게 전선 절연집게 ","970"
"바나나가루 300g ","4,180"
"테스트핀 플러그/바나나플러그/접지플러그 구미단자 ","4,200"
"바나나 플러그(G) (U1-107)총알배송/유원부품몰 ","1,000"
"ITA265 Coms 바나나케이블/멀티 전원플러그/테스트용 ","4,020"
"WBT 복각 스피커 바나나 플러그 ","8,000"
"롤바나나칩 600g 건바나나칩 ","5,900"
"30연발 바나나로망폭죽(10개입) ","4,800"
"오디오플러스 커넥터 바나나 플러그 APB-500G 1개 ","4,030"
"바나나는 원래 하얗다 235ml 48팩/바나나우유/멸균팩 ","21,200"
"인테리어 바나나걸이 겸용 과일바구니 ","9,900"
"악어클립 전선집게 바나나커넥터 테스터기리드선 DIY ","200"
"유기농 딸기우유125mlx24팩+바나나125mlx24팩 상하목장 ","34,400"
"토니모리 핸드크림 선택/피치/탠저린/바나나 ","3,490"
"파스퇴르멸균/딸기/바나나/가나쵸코우유(190mlx24팩) ","13,200"
"필리핀/ 3봉 사바나나 바나나칩 사바나나칩 간식 쿠키 ","8,900"
"밀크츄 바나나맛/하오리위안 태국캔디 ","830"
"바나나케이스/바나나보관함/간식/이유식/소풍/도시락/ ","980"
"(무료배송)사바나나 바나나칩 X10봉/필리핀/건과일 ","24,900"
"명가떡 빚고을/팥소앙금절편/바나나찹쌀떡외2종 특가 ","11,900"
"달콤한 슬라이스 건바나나 (견과류/술안주/아이간식) ","2,400"
"토니모리 핸드크림 선택/피치/탠저린/바나나 ","3,490"
"바나나 몽키 바나나칩 450g 바나나 93.46% 함유 ","7,980"
"2080 키즈가글 250ml/바나나맛/어린이 가글/가그린 ","1,470"
"OOPS 웁스 벤토나이트 모래 오리지날 바나나 딸기 4L ","1,930"
"바나나플러그 접지터미널 원형단자 48mm 금도금(2색) ","600"
"고구마 호박에게 바나나 190ml 32팩 ","15,100"
"파스퇴르 무항생제 바른목장 바나나우유125mlx24팩 ","17,180"
"사바나나 바나나칩 100g x 5봉 ","12,900"
"삼겹살가위/삼덕가위/뼈가위/주방가위/바나나가위/마늘가위/업소용/식당/고기/갈비/양손/한손/ ","3,500"
"건바나나칩(비앤지월넛 1K)/바나나칩 말린바나나 ","12,260"
"페어_바나나케이스 ","2,990"
"미용실 허그 바나나 독서 의자 쿠션 ","28,000"
"쇼케이스 바구니 바나나 바스켓 편의점 진열 소품 ","12,500"
"전설의개껌 바나나 돈피 10P/애견간식 ","2,400"
"바나나향초콜릿100g/만들기재료/세트/코렛펜/빼빼로 ","1,230"
"오징어뼈-바나나맛 / 앵무새간식 애완조간식 ","1,500"
"고구마 호박에게 바나나 190ml 48팩 ","23,900"
"스무디 바나나딸기 44g 15개입 ","6,730"
"동원 퍼니앤스트로우 바나나맛 10개입 ","1,900"
"마하링크 바나나플러그 스피커케이블 선 5M ML-3BN05 ","10,940"
"Dole 본사직영 Dole 스위티오 바나나 13kg 10송이 ","38,000"
"바나나보트 스포츠 선크림 SPF100 118ml 2개 썬크림 ","25,270"
"센트룸 포 키즈멀티비타민미네랄츄어블 125정바나나향 ","41,370"
"천연발효식초/바나나식초/감식초3.6리터/파인애플식초 ","18,520"
"신제품 몽쉘 바나나 외 몽쉘/초코파이 8개 골라담기 ","22,610"
"바나나떡/떡/떡선물/국내산찹쌀/ ","9,100"
"스미후루_로즈바나나 필리핀 _송이 ","3,490"
"다시마차전자피쉐이킹 1kg 바나나 어성초 ","38,800"
"40로망바나나빵 1개 폭죽 연발폭죽 불꽃놀이 폭죽세트 ","990"
"이안에맛 바나나칩500g 건과일 주전부리 간식 안주 ","4,500"
"초지일관 무설탕 파인애플 바나나 흑초 500ml 3병 ","42,000"
"동원 퍼니스트로우 딸기맛3.5gx30개+바나나맛3.5gx20 ","11,400"
"딸기젤100ml+바나나젤100ml 러브젤/페페젤/성인용품 ","7,500"
"바나나 껍질 도어스토퍼 문닫힘방지 인테리어소품 ","3,000"
"마이껌 콜라겐 쫄깃 바나나 돈피소프트껌 10p ","2,860"
"(초담식품) 초담식품 하수오 적하수오 1봉 ","14,900"
"고구마 호박에게 바나나 190ml 48팩D ","22,000"
"태광전자 MTL-01 테스트 리드선 바나나리드 ","2,470"
"피니 스몰 바나나 젤리 1kg 대용량 제리 간식 캔디 ","11,500"
"베베당 유기농 쌀과자 떡뻥 바나나 30g DL06 ","2,490"
"(신세계강남점)청정원 카레여왕 망고 바나나108g ","3,950"
"술마켓 조은술 세종 바나나 4도 750ml 막걸리형 전통주 ","1,860"
"떡편 리얼 찰떡 3종 (바나나/고구마/통팥) (총30개) ","25,500"
"쇼킹 바나나 헤어팩 /헤어손상 전문케어/팩 ","9,900"
"바나나칩/생강맛콘/고구마스틱/김마리/오징어해씨볼 ","3,500"
"상하목장 유기농 바나나우유 125ml 24팩/매일멸균우유 ","18,900"
"카카오 바나나걸이 외 주방수납용품 ","4,900"
"바나나치발기 노리개젖꼭지 공갈젖꼭지 ","6,500"
"바나나칩/건바나나 칩 간식 술안주 견과류 ","2,300"
"청아 바나나 팬케익61g10봉지 ","11,300"
"구운바나나칩 4kg 바나나칩 ","26,030"
"어성초 쉐이크(어성초/차전자피/다시마/바나나) ","20,900"
"바나나 보관 케이스 피크닉 도시락 아기간식 밀폐용기 ","1,500"
"{캔디마을}오리온초코파이1박스 12입x8곽 바나나 간식 ","28,900"
"바나나우산/접이식우산/캐릭터우산/미니우산 ","4,900"
"달콤한 건바나나칩 1kg 과자 간식 ","7,900"
"아기밀냠냠 순곡물바 혼합 바나나+치즈+당근 40gX6개 ","16,220"
"바나나보트 SPF100 선스크린 선크림 SPF 100 ","16,800"
" 삼립 냉동 마메이드 바나나슈 8입x4봉/아이차25개 ","8,900"
"아이배냇 간식 떠먹는 군고구마/군단호박/바나나 ","2,680"
"수박 선인장 옥수수 당근 바나나 대파 케릭터샤프 ","850"
"바나나걸이/수박칼/푸드정리대/주방소품/멀티뚜껑 ","6,000"
"매일 멸균우유 바나나는원래하얗다235ml/허쉬190ml ","22,000"
"맘마밀 퓨레 바나나와단호박 100g 10팩 (6개월)/이유식 ","17,900"
"바나나 롤 바나나칩 500g 바나나95% 함유 ","6,080"
"ACACIA 바나나 걸이 ","13,900"
"RCA 오디오 스피커 바나나 플러그 잭 단자 커넥터젠더 ","2,370"
"딜라잇가든 냉동 바나나(슬라이스) 1kg ","6,550"
"푸드어홀릭 빅보스 바나나 밀크 바디클렌저 1000ml ","4,650"
"신라명과 한눈애바나나 빵 22g x 16개 바나나맛 간식 ","9,900"
"고품질 순면커버 베고자니 피그먼트 바나나베개 커버/100% 순면커버/자체제작/충전재별도 ","6,000"
"바나나 반달 쿠션 미용실 손님 쿠션 배꼽 허그 쿠션 ","28,000"
"믹싱볼 채반 도마 바구니 스윙볼 컵뚜껑 바나나걸이 ","9,400"
"오디오 플러스 바나나 플러그 커넥터 APB-500G  ","4,320"
"스테인레스 바나나걸이/바나나 거치대 ","3,900"
"바나나 트룰리 너리싱 컨디셔너 250ML(94325) ","11,130"
"상하목장 바나나우유 125ml 24팩 ","19,500"
"바나나칩 120g 1봉(총120g) ","1,300"
"베이비치약(액상) 바나나 80g 3개_W181 ","22,600"
"새감바 버거 고구마 100G 10팩 /새우 바나나 고구마/강아지간식 ","17,290"
"가루애 바나나 분말 300g / 바나나/과일/건강/천연조 ","4,270"
"상하목장유기농멸균(24팩) 125ml-코코아12+바나나12 ","20,900"
"삼육 고구마호박에게바나나두유 190ml x 16팩 사업자 ","8,500"
"아침식사대용 마이밀 바나나 250ml 12팩 ","23,900"
"구운 바나나칩 600g ","6,550"
"거북농산 달콤하고 부드러운 멕시코바나나 3봉지 ","12,000"
"파인애플 바나나식초 1000ml 3+1병 특가 ","33,150"
"바나나는 하얗다+딸기우유+초코우유 24팩x3(총72팩) ","36,000"
"바나나 필링필링 골드 때비누 각질제거제 필링젤 60종 ","20,370"
"아몬드브리즈190mlx24팩/950ml/언스위트/초코/바나나 ","13,630"
"파스퇴르 바나나우유 멸균우유 190ml/24팩 ","15,100"
"베리필드 딸기 바나나 믹스 1kg ","6,110"
"까요까요 초코 망고 바나나 딸기 플레인 5가지 맛 ","13,800"
"깜찍한 바나나우산/양산/우산/바나나케이스/디자인우 ","3,200"
"산마루 필리핀 바나나칩900g/태국 구운바나나칩500g ","5,300"
"서울우유 꿀단지 180ml x 24팩/초코/딸기/바나나 ","17,000"
"초코파이 대용량 30입/바나나초코파이/간식/과자 ","7,880"
"알로에베라젤 수딩 680g 바나나보트젤 푸룻오브디얼스 ","18,810"
"다시마차전자피쉐이킹 500g 바나나 어성초 다시마가루 ","19,800"
"동서 제티/초코/딸기/바나나/쿠키쵸코/핫초코/네스퀵 ","2,990"
"아몬드브리즈 오리지널 언스위트 바나나 초코 24팩 ","14,900"
"바나나필링필링 각질제거제/바디스크럽 필링젤 때필링 ","29,800"
"바나나우유 클렌징폼 120ml x 3개+마스크팩 10매 ","11,900"
" 다이소 바나나 걸이 (크롬도금)-97952 ","970"
"구운바나나칩 500g 바나나85% 함유 파삭함과 구수함 ","3,900"
"바나나키즈 우유 120mlx24팩 /유통기한 20.1.7까지 ","16,900"
"마나나라떼 콩가루바나나주스 마가루 콩가루 바나나 ","8,500"
"바나나가루 600g 바나나분말 바나나 ","8,070"
"파이류 오리온 초코파이 바나나 444g /오예스/몽쉘 ","3,100"
"바나나케이스/밀폐용기/보관용기/과일보관함/락앤락 ","1,600"
"바나나보트/알로에 에프터 썬 케어473ml/알로에수딩젤 ","18,860"
"바나나 가루 300g /분말 ","8,000"
"아기 신생아 국민 심통 바나나 치발기 백일장난감 ","7,300"
"오디오플러스 커넥터/바나나 플러그 APB-450G (1EA) ","3,740"
"GN 바나나우유 바디워시 560g+바디로션 560g ","18,480"
"오울트리 바나나칩 60g 12개 ","22,510"
"필리핀 골든사바 바나나칩 100g / 10봉 ","24,900"
"2400 바나나향케익 1봉/빵/베이커리/소풍/학원 ","1,690"
"롯데 더블크런치바 미니 바나나 500g ","6,650"
"1+1 라벨영 쇼킹바나나헤어팩 ","20,900"
"바나나 치발기+집게끈+전용케이스 치발기세트 ","9,800"
"대박할인_미뉴에트 라운드 바나나 비스킷 68g ","260"
"바나나걸이 ","5,900"
"핀덴 키즈 3in1 샴푸+컨디셔너+바디워시 바나나향 ","17,900"
"뽀로로치약/ 펌핑치약/ 딸기향바나나향 ","3,320"
"상하목장 바나나우유 125ml 48팩 ","35,900"
"바나나는 원래 하얗다 멸균팩 235ml 24팩 ","13,030"
"(현대백화점) 필리핀 조비스 바나나칩 320g 3통(무료배송) ","27,000"
"바나나샵초특가 HID 교체형벌브 /전조등/안개등/램프/시야확보/안전운전(교체형벌브) ","11,280"
"특가 1+1 바나나 도어스토퍼/도어클로저/묻닫힘 방지 ","4,900"
"바나나 리퍼블릭 클래식 EDT 테스터 100ml (뚜껑없음) ","39,000"
"말린과일/ 바나나칩/건망고/건파인애플/건파파야 ","5,800"
"피니 젤리 바나나모양 80g ","890"
"퍼스트 클래스 타이어 광택제 600ml/5285/바나나향 ","2,850"
"청정원 카레여왕 망고 바나나108g x 3 ","6,900"
"리얼 바나나칩 500g 대용량 간식 과자 ","4,500"
"바나나캐쉬북 만년가계부 금전출납부 용돈기입장 주부 ","1,500"
"카카오핸드크림 보습크림 핸드케어 바나나향 복숭아향 ","6,500"
"쥬피터 바나나 스무디 1.8kg /원액//베이스/카페재료 ","8,430"
"바나나필링필링 각질제거제 바디스크럽 ","29,800"
"앤드로스 바나나 리플잼 1kg/원액/과일잼/바나나잼 ","9,600"
"BigSale 기획 유기농바나나슬라이스칩(500g) ","9,900"
"무료배송 웁스 두부모래 바나나 7L X 4개 고양이모래 ","21,800"
"바나나A 분말 1kg 파우더 건강 선식 우유 반죽 제빵 ","10,500"
"미니웰 바나나맛/고구마맛(선택)150ml 24개/환자영양 ","28,910"
"옳은유기농우유 120ml/180ml/멸균우유/바나나우유 ","19,900"
"(센트룸) 센트룸 어린이 멀티비타민 포키즈(60정/60일분)바나나향 ","29,400"
"밤분말1kg/밤가루 사과분말 분태 감 바나나분말 토마토 대추 표고버섯분태 제과제빵 떡재료 ","21,660"
"바나나 프러그/ 5.5파이프러그젠더 케이블60센치 ","2,900"
"아가드 바나나 문닫힘방지 도어스토퍼 1입 ","5,600"
"건과일 말린과일 동결건조과일칩 바나나칩 딸기칩 ","3,100"
"뷰닉스 바나나 LED 젤램프 추천/젤네일 재료 유행백서 ","29,900"
"쇼킹 바나나 샴푸 /손상모발개선/수분영양공급 ","12,900"
"바나나 실타래 장난감 로프 애견 삑삑이인형 색상랜덤 ","2,170"
"모닝 건바나나 칩 1kg ","6,900"
"남성/여성/바나나먹는 몽키 라운드반팔티/4XL (TS-054) ","13,900"
"두유 베지밀 입안가득바나나두유 200ml 16팩 ","11,260"
"아기밀 냠냠 순곡물바 바나나 40gX3개 ","9,500"
"바나나우산 귀여운 과일 3단 우산 ","5,700"
"바나나 치발기(집게+케이스) 과일치발기 국민치발기 ","9,310"
"바나나우유 바디워시x3+바디로션+(증)핸드크림 ","19,900"
"바나나우유 바디로션x2 +바디워시 ","22,900"
"노리개클립 오리 바나나 /출산선물/신생아선물 ","9,100"
"바나나우유 바디워시x2 +샴푸x2 +(증)핸드크림 ","19,900"
"대상웰라이프 뉴케어 마이밀 그레인/바나나 (24팩) ","45,600"
"바나나 시장가방ㅣ장바구니 가방 ","800"
"치발기 1+1+케이스 특가 / 입술/바나나/국민/더블하트 ","6,700"
"돌(Dole) 바나나 6kg내(4송이) ","18,900"
"고당도 Dole 바나나 3kg/6kg 맛조은 바나나 ","9,240"
"매일 바나나는 하얗다 235ml24팩/우유/멸균우유 ","13,900"
"건바나나칩 1kg 대용량 ","7,500"
"연세 멸균우유 200ml x 24입/흰우유/바나나/코스트코 ","11,140"
"치발기 1+1+케이스 특가 / 입술/바나나/국민/더블하트 ","6,700"
"베이비 바나나 브러쉬 치발기 손잡이형/실리콘칫솔 ","13,500"
"바나나 당근 가지 우산 예쁜 단체선물 판촉물 3단우산 ","7,500"
"대용량 식초 파인애플식초 바나나식초 핑거루트식초 ","59,500"
"악어클립/테스터크립/테스터잭/악어케이블/바나나단자 ","950"
"바나나우유 헤어팩 200g x 2개 ","11,900"
"바나나치발기/노리개/더블하트/릿첼/닥터브라운/택1 ","6,170"
"(60종/120종)바나나필링필링 원샷케어 때박살 때혁명 ","29,800"
"바나나잎 매트 2호 10kg 쌀독 소금항아리 접시 받침 ","6,650"
"(현대Hmall) 냉동마트 신세계 올반 찐빵 360gX4봉 (90gX16개입) /갈비/제육/짜장/바나나 ","14,310"
"S BEAT 문닫힘방지 바나나 도어 스토퍼 ","3,900"
"호주직배송 바나나보트 알로에 베라 젤 250g ","5,320"
"푸르밀 애플드링크 24개/ 멸균우유/바나나우유/음료수 ","9,430"
"쥬피터 바나나스무디1.8kg ","11,000"
"FP1/ 희귀씨앗 /황금연꽃 바나나/ 씨앗 5립 ","13,800"
"바나나젤 100ml 위생적인 바디 마사지젤 로션 ","4,500"
"바나나쿠션/반달쿠션/수유쿠션/베개/등쿠션/목베개 ","25,000"
"비달 바나나 모양 구미 수입 젤리 100g/vidal ","1,190"
"ED 바나나걸이/바나나행거/주방정리/주방인테리어/주방소품 ","8,060"
"Coms 바나나 컨넥터 ITA982/Black/GoldMetal/크롬도금 ","2,700"
"쌍 바나나 잭 플러그 Red (HAC1115-1) ","1,000"
"매일이 여행 요시모토 바나나 ","11,700"
"쓰임 쁘띠 바나나 써니 보틀 ","3,900"
"셀크로빈 1 200mg x 30캡슐 x 3박스 (90캡슐)/ 바나나 ","53,180"
"파스퇴르 바른목장 바나나 멸균우유 125mlx24팩 ","17,900"
"미미펫 1+1 NEW 새감바 버거 오리지널 100G+100G / 새우+감자+바나나 ","3,500"
"와인앤쿡 미니멀 우든 바나나걸이 1개 ","13,950"
" 삐삐롱 바나나빅 남런닝 상의(17S1748JTB_GR) ","4,500"
"(쥬씨)초바(초코+바나나)쥬스 XL ","2,800"
"Coms 바나나 플러그(적색/흑색) 1세트/BB912/1열/메탈 ","700"
"바나나리프 블랙 태피스트리 패브릭포스터 (초대형) ","14,900"
"피치독 바나나하우스 대형강아지집 큰강아지집 애견집 ","34,960"
"치발기 2종세트 (바나나+딸기+케이스2p+실리콘클립2p) ","16,620"
"아이코트 바나나 폼 극세사 셔닐 워시미트/76388 ","3,800"
"바나나우유 바디워시 +샴푸 +클렌징폼 ","14,900"
"전용목장 바나나우유 멸균우유 190mlX24팩 ","13,900"
"건어물군 멸치양의 건바나나 1kg ","6,300"
"사바나나 바나나칩/필리핀 바나나칩/ ","2,200"
"바나나플러그 ML-B2 ","2,490"
"파스퇴르 바른목장 큐브치즈 바나나126gx4개 ","25,550"
"바나나 걸이 보관 거치대 스탠드 과일바구니 국산 ","3,900"
"혈당엔바나바 바나나잎추출물 영양제 코로솔산 셀렌 ","47,900"
"삼육두유 바나나 두유 140ml 48팩 ","21,900"
"푸르밀 가나쵸코우유 24개/ 멸균우유 /바나나우유 ","13,470"
"갑조네 바나나크로톤 공기정화식물 거실화분 크로톤 ","2,800"
"바나나는 원래 하얗다 235ml 24팩 ","14,500"
"(현대Hmall) Dole본사직영 바나나 3.9kg (1.3kg 3송이) ","11,900"
"고산지 바나나 2.5kg내외 ","10,350"
"바나나 롤 바나나칩 대용량 5kg 바나나95% 함유 ","36,160"
"바나나 델몬트돌 정품 3kg이내(2송이) 9900원 ","9,600"
"유아동 순면 양면 바나나 스카프빕 낱개포장 KC인증 ","3,700"
"(초담식품) 국산 청국장 가루 분말 500g ","12,500"
"핀덴 키즈 3in1 바나나향 1+1 ","19,400"
"롯데푸드_빽다방딸기바나나파인트_474ML ","2,800"
"거꾸로 우산 바나나 우산 벚꽃 우산 꽂이 비옷 우비 ","9,500"
"GN 바나나우유 바디워시 560g x2개 ","18,960"
" 앙쥬 기린치발기 왕바나나치발기 치아발육기 실리콘 ","11,500"
"[천일유통] 김맛나스넥600g 3300원/커피땅콩/초코볼/떡볶이과자/건포도/피넛/바나나칩/호박씨/맥주안주 ","3,300"
"바나나보트 선스크린 선크림 SPF 50 ","16,500"
"신라명과 간식세트 마드레느/첫눈애바나나 ","10,300"
"로얄패밀리 크리스피 크레페 바나나향 78g/대만 과자 ","1,590"
"딩동펫애견 강아지 마약방석 바나나방석 ","14,900"
"메디푸드 미니웰 바나나맛 150ml x 72팩 ","84,450"
"바나나보트 스포츠 선크림 SPF100 118ml ","20,900"
"하루 한줌 견과 파이널너츠밀크바나나100봉선물세트 ","48,350"
"(현대Hmall) Dole본사직영 스위티오 바나나 3.9kg (1.3kg 3송이) ","13,900"
"손오공 꿈빛파티시엘 초코 바나나 만들기..파워토이 ","13,300"
"쇼킹 바나나 헤어에센스 1+1/힘없고처진모발/윤기+탄력 ","20,000"
"수입산 바나나 13kg내외 (6-8손내외) 대용량 빛고을장 ","22,900"
"쇼킹 바나나샴푸 2+1Event/손상모발개선/수분영양공급 ","9,900"
"스피커플러그스피커잭/바나나플러그바나나잭플러그 ","4,500"
"아동 발목양말 10켤레 바나나몽키 (A107) ","6,600"
"1+1 Dole 돌 후룻팝(파인/망고/오렌지/바나나) ","8,500"
"상하목장 유기농 바나나우유 125ml x 48팩 ","39,900"
"핀덴 키즈 3in1 샴푸+컨디셔너+바스 1200ml 바나나향 ","15,000"
"과일분말 딸기 사과 토마토 바나나 하루야채 ","11,880"
"카스텔라 바나나(6입) 1+1 ","11,300"
"치발기+집게+케이스/바나나/과일/기린/입술/장난감 ","7,980"
"매일유업 달콤한 바나나/딸기/초코우유 ","13,100"
"건과일 말린과일 동결건조과일칩 바나나칩 건과일칩 ","2,940"
"주안 물고기장바구니 강아지 딸기 바나나 장미 ","550"
"강블리라이프 블링 냉동 바나나 1kg ","4,270"
"2.5mm 바나나플러그 소켓 (수) (레드/그린/블루/블랙) ","310"
"꽃남방 바나나 신혼여행 워터파크 커플 단체 ","10,000"
"오징어뼈 바나나맛 새간식 새영양제 칼슘 골격강화 ","1,420"
"오토브라이트다이렉트 AD 바나나 글로스 카샴푸 ","17,800"
"포포팬시 1000 바나나 연습장 37매 캐릭터연습장 ","750"
"빙그레 바나나맛우유 키즈 바나나우유 120mlX24팩 ","17,290"
"HIT바나나레이어드티셔츠/ 앤디애플 ","9,520"
"아이밀냠냠 바나나 웨하스 x 6개 ","14,900"
"여자 보송한 천연모피 밍크퍼 머리핀 핸드메이드 스텔라 비즈포인트 반달형 바나나 헤어핀 머리핀/ 보스룸 ","33,800"
"그린 사바 바나나(Green SABA BANANA )-3.0kg ","27,900"
"2종 바나나 손톱깍이 세트/ 손톱깍기 손톱깎이 휴대용 ","880"
"Coms IC 후크 바나나 플러그 리드케이블 2선 - Black ","6,300"
"뽀로로가 따온 바나나향 치약 250g x 3개 ","13,900"
"(본사직영) 후룻팝 4종(파인애플 오렌지 망고 바나나) 4박스 32팩/ 돌코리아 ","18,900"
"바나나제이 아이더코트 ","69,820"
"바나나는 원래 하얗다 235ml 24팩+허쉬 초콜릿드링크 오리지널 190ml 24팩/ 매일우유 ","23,900"
"신선농장 바나나파프리카 2kg내외 ","28,000"
"썬키스트 바나나드링크 175ml x30캔 과일음료 음료수 ","9,100"
"가죽반달쿠션 미용실쿠션 배꼽 바나나쿠션 독서쿠션 ","29,900"
"프리미엄 바나나 13KG 1박스 ","29,000"
"(현대Hmall) 신라명과 바나나 미니머핀 16개입 ","9,900"
"바나나분말 1kg/바나나가루 분태 제과제빵 떡재료 ","11,210"
"저금통/달걀/계란/바나나케이스/장바구니/터치펜 ","7,900"
"바나나(6~8손)13kg 한박스 자연대로팜웨이 ","26,260"
"Dole_미들랜드바나나_송이 ","3,490"
"(당일배송) 절연 바나나 플러그 금도금 2mm 색상 선택 ","310"
"사르르쿵 6봉 (딸기/바나나) ","16,070"
"바나나 야자 나무(120cm) 조화나무 인테리어 인조나무 ","29,800"
"유아안전용품/문닫힘방지 문받침대 바나나 문닫침방지/1개/LP-20 ","6,650"
"납작 큐빅하트 바나나핀/큐빅헤어핀/하트동동/바나나집게핀 ","9,000"
"(COMS) 바나나 플러그(바나나잭) Red/K4177/스피커잭 ","350"
"(현대Hmall) 바나나빌딩 반려동물 자동순환 급수대 Waterer 바보사랑  ","24,090"
"동결건조 바나나가루 80g 4개 바나나100% 산마을 ","39,600"
"_MD추천정품_바나나 필링필링 10종/각질제거/페이스용 ","49,300"
"미라클몰/피니 바나나모양 젤리 80g ","810"
"쌍 바나나 잭 플러그 (HAC1115) ","2,000"
"TNL 리얼 바나나 발효식초 x 2개 ","17,800"
"웁스 벤토나이트 고양이 모래 바나나 4L X 4P ","10,900"
"바나나우유 헤어팩x3 ","22,900"
"무료배송 머슬쉐이크 바나나 2kg ","64,900"
"뽀로로가 따온 바나나향 치약 250g x 4개 ","17,900"
"꼬레촌수입과일 델몬트 바나나 1손 2kg이상 ","10,900"
"모조 과일 기모 완구 바나나 쿠션 50-80cm ","8,000"
" 보라카이 오후出 준특급 바나나베이VS헤븐스윗 리조트 세미패키지 4/5/6일 ","407,550"
"남양 옳은유기농우유 120mlx24팩_바나나 ","19,900"
"귀여운캐릭터샤프-당근 옥수수 대파 바나나 선인장 ","1,610"
"바나나 안 바나나 우유 자수 반팔티 ","13,900"
"세진식품 바나나칩 110g /안주 견과 견과류 ","1,200"
"(마음이가) 착한마을 마음이가 콩쑥개떡 + 바나나떡 ","39,200"
" 달방아 콩쑥찰떡+바나나찰떡 ","23,690"
"바나나보트 알로에젤473ml/알로에수딩젤/당일출고 ","16,500"
"빙그레 바나나맛 우유 240ml x 10개 ","9,770"
"스위트 바나나칩 700g 4봉 ","24,800"
"뉴케어 마이밀 바나나(250mlx12개) /식사대용 영양한끼 ","24,900"
" 타이사 미네랄 바나나(스톤)/햄스터/이갈이/미네랄/ ","2,470"
"바나나우산/판촉물 장우산 2단 3단우산 투명우산 우비 ","5,200"
"마하링크 국산 GGUK 50C 바나나플러그 케이블 10M ","29,700"
"핑크 벨벳 바나나 씨앗 5립 / 미니 품종 종자 (18-D) ","6,170"
"바나나걸이 겸용 과일바구니 바나나 스탠드 ","12,500"
"상하목장 유기농 바나나 12팩 코코아 12팩 ","19,200"
"필리핀 골든사바 바나나칩 100g / 5봉 ","14,000"
"i 바나나그램스 초록바나나그램 알바펫 소문자 ","18,400"
"중앙 바나나 라떼 1kg/자판기용믹스 스무디 과일 라떼 ","3,870"
" 바나나팜스 주니어 아동화 tw 대니 단화-220mm(sn) ","34,800"
" 바나나팜스 특별기획 아동화 mg동물 삑삑이 단화(cp) ","10,970"
"반려동물 자동순환 급수대 Waterer/ 바나나빌딩 ","21,500"
"뽀송뽀송 말려줄개 강아지 에어 드라이수트/ 바나나빌딩 ","23,990"
"바나바잎차 바나나효능 건조바나나잎 인도네시아바나 ","14,970"
"정식품 베지밀 입안가득 바나나 두유 190mlx48팩 ","17,500"
"푸드어홀릭 빅보스 바나나 밀크 바디클렌저 1000ml ","4,740"
"마른파이브 여성용 바나나 패턴 드로즈 여자 사각팬티 ","9,700"
"필리핀바나나6손(9kg) ","29,900"
"중앙 바나나 라떼 1kg/자판기용믹스 스무디 과일 라떼 ","3,620"
"바나나팜스 바나나팜스 층간소음방지 슬리퍼 ab 거실화-265mm(jy) ","14,320"
"귀여운 바나나 케이스 2단 접이식 우산 수동 단우산 ","7,500"
"바나나우유 바디로션 560g ","7,900"
"(현대Hmall) 바나나스푼_플라워 비누꽃 카네이션 미니용돈박스 2컬러 바보사랑  ","6,980"
"DIY용/DC전원 바나나프러그 젠더 케이블/5.5파이 ","4,500"
"바나나피시 리버스 BANANA FISH REBIRTH ","8,100"
"바나나피시 어나더 스토리 BANANA FISH ANOTHER STORY ","8,100"
"거꾸로 최고급형 바나나 바벨 피어싱(NMP275) / 14k 골드 ","300,000"
"럭셔리 나비 바나나 바벨 피어싱(NMP294) / 14k 골드 ","320,000"
"엘레강스 나비라인 바나나 바벨 피어싱(NMP296) / 14k 골드 ","300,000"
"거꾸로 나비라인 바나나 바벨 피어싱(NMP298) / 14k 골드 ","280,000"
"꽃-엘레강스 나비라인 바나나 바벨 피어싱(NMP301) / 14k 골드 ","300,000"
"문-스타 바나나 바벨 피어싱(NMP337) / 14k골드 ","250,000"
"돌고래 바나나바벨 피어싱(NMP330) / 14k 골드 ","140,000"
"트위스트 큐빅 하트 바나나바벨 피어싱(NMP332-화이트) / 14k 골드 ","210,000"
"트위스트 큐빅 하트 바나나바벨 피어싱(NMP332-핑크) / 14k 골드 ","210,000"
"엘레강스 플라워 바나나바벨 피어싱(NMP338) / 14k 골드 ","320,000"
"엘레강스 플라워 바나나바벨 피어싱(NMP338) / 14k 골드 ","320,000"
"트리플 리프 바나나바벨 피어싱 (NMP339) / 14k 골드 ","230,000"
"트리플 리프 바나나바벨 피어싱 (NMP339) / 14k 골드 ","230,000"
"롱 도마뱀 바나나바벨 피어싱 (NMP341) / 14k 골드 ","260,000"
"롱 도마뱀 바나나바벨 피어싱 (NMP341) / 14k 골드 ","260,000"
"럭셔리 멀티 써클 바나나바벨 피어싱 (NMP342) / 14k 골드 ","330,000"
"럭셔리 멀티 써클 바나나바벨 피어싱 (NMP342) / 14k 골드 ","330,000"
"온에어 럭셔리 스퀘어 바나나바벨 피어싱 (NMP343) / 14k 골드 ","200,000"
"온에어 럭셔리 스퀘어 바나나바벨 피어싱 (NMP343) / 14k 골드 ","200,000"
"(무옵션가격) 2개 9900원 피어싱(바나나바벨) / 배꼽지 ","9,900"
"!! [바나나케이스] 바나나통 바나나도시락 용기 이유식용기 아이들간식용기 아이디어상품 간식 ","2,970"
"!! [바나나케이스] 바나나통 바나나도시락 용기 이유식용기 아이들간식용기 아이디어상품 간식 ","2,970"
" 삼주제과 바나나칩/1봉 x 1kg/강냉이/튀밥/건빵/쿠키/과자.뻥튀기/술안주/간식/안전 ","17,000"
" 후르츠칵테일귀걸이 좌우 언밸런스 바나나 사과 수박 큐빅귀걸이 4가지 과일귀걸이  ","7,150"
" 후르츠칵테일귀걸이 좌우 언밸런스 바나나 사과 수박 큐빅귀걸이 4가지 과일귀걸이  ","7,150"
" 몽키 바나나귀걸이 알러지방지 침부분 925 실버귀걸이 은귀걸이 원숭이귀걸이  ","9,100"
" 몽키 바나나귀걸이 알러지방지 침부분 925 실버귀걸이 은귀걸이 원숭이귀걸이  ","9,100"
"5.18과 바나나 하늘북 안후상  ","9,000"
"허니문 민음사 요시모토 바나나  ","8,100"
"바나나잎 꽃바구니(대중소) 3p세트/ 소품함 소품바구니 인테리어바구니 장식바구니 반짓고리함 ","9,900"
"바나나로 못질할 만큼 외로워 에이지21 마츠히 사아츠시. 다나카와 타루  ","9,900"
"!! [바나나케이스] !!바나나통 바나나도시락 용기 과일용기 일본히트상품 아이디어상품 간식 ","2,970"
"아즈텍 고급 화이트 바나나단자-2개1조 ","16,000"
"아즈텍 고급 실버 바나나단자-2개1조 ","16,000"
"울티맥스 고급 그레이 바나나단자-2개1조 ","18,000"
"울티맥스 고급 우드 바나나단자-2개1조 ","18,000"
"고무 ㄱ자형 핀 바나나플러그 1개 ","3,000"
"고무 ㄱ자형 핀 바나나플러그 2개 ","10,000"
"바나나 러브젤 100ml [성인용/윤활젤/흥분젤/윤활제/보습젤] ","4,000"
"바나나 러브젤 100ml [흥분젤/성인용/윤활젤/윤활제/보습젤] ","4,200"
"고급형 핀 바나나플러그 1개 / 핀잭/핀바나나/스피커 핀플러그 ","6,500"
"금장 바나나플러그 10개 1SET / 바나나잭/바나나단자 ","25,000"
"금장 바나나 플러그 1개 /바나나잭/바나나단자 ","3,500"
"바나나 젤 100ml [성인용/윤활젤/보습젤/성인젤/성인용젤/여성용/윤활제/윤활젤/젤] ","6,300"
"더블바나나 플러그 / 쌍바나나 플러그 / 바나나 플러그 ","1,600"
"[음향/오디오 모음전]우퍼케이블,바나나백,조립젠더,스피커,오디오,케이블,변환젠더,카오디오부 ","990"
"[AV케이블 모음전]우퍼케이블,바나나백,조립젠더,스피커,오디오,케이블,변환젠더,카오디오부자 ","990"
"바나나플러그/MP1510/스피커커넥터/고급형바나나플러그/MONSTER ","1,200"
"바나나가루 바나나분말 300g 더욱 든든하게 ","6,500"
"동결건조 유기농 바나나칩 30gx4개 건과일 말린과일 ","19,800"
"동결건조과일칩 모음 말린과일 건과일 바나나칩 ","3,100"
"바나나 브러쉬 치아발육기 유아칫솔 아기 신생아 칫솔 ","15,730"
"감귤과즙분말1kg/대추가루 밤가루 감 바나나분말 토마토 표고버섯분태 제과제빵 떡재료 ","29,900"
"바나나샵뉴싼타페CM 크롬휠커버 (18인치)/익스테리어/타이어/휠/튜닝/현대/간편장착(뉴싼타 ","158,400"
"바나나팬(3구)/빵판/과자판/제과제빵/홈베이킹/머핀/빵만들기/과자만들기/빵틀/과자틀/팬 ","11,800"
"바나나팬(3구)/빵판/과자판/제과제빵/홈베이킹/머핀/빵만들기/과자만들기/빵틀/과자틀/팬 ","9,800"
"바나나팬(6구)/빵판/과자판/제과제빵/홈베이킹/머핀/빵만들기/과자만들기/빵틀/과자틀/팬 ","14,150"
"바나나팬(6구)/빵판/과자판/제과제빵/홈베이킹/머핀/빵만들기/과자만들기/빵틀/과자틀/팬 ","12,900"
"Wacc2944　(C265) 바나나플러그 젠더(H)/음향기기/젠더/케이블/스테레 ","31,400"
"Wacc2971　(C277) 바나나플러그 암 (대) (AC0146)/음향기기/젠 ","31,400"
"일성사 딸기 바나나 글루텐 딸기+바나나 투쓰리 5봉 ","3,880"
"바나나하트브러쉬(케이스-노랑)유아칫솔♣치발기♣바나나치발기♣아기치발기♣아기칫솔 ","18,600"
"바나나 리퍼블릭 와일드 블룸 테스터 100ml (뚜껑x) ","17,000"
"바나나 성인윤활제 100ml [성인용/성인/러브젤/성인젤/성인러브젤/성인용젤/윤활젤/윤활] ","6,300"
"원숭이띠/바나나 몽이타올/꽃박스포장/행사타올 ","2,700"
"DYC 바나나 스피커 바인딩 D-BNA-115 ","10,460"
"DYC 바나나 플러그 핀타입 (SET : 검정 1EA 빨강 1EA)D-BNA-110 ","10,460"
"DYC 바나나 스피커 플러그(SET : 검정 1EA 빨강 1EA )D-BNA-101 ","8,280"
"DYC 바나나 스피커 플러그(SET : 검정 1EA 빨강 1EA)D-BNA-104 ","4,140"
"드림타임에서 만나요 이숲 윌리엄 레이넨 요시모토 바나나 전혀 새로운 시대를 ","10,800"
"메이플시럽 1리터/단풍시럽 100% 순수 천연자연식품 메론시럽 바나나시럽 살구블루베리시럽/제과제빵재료 ","53,900"
"이든 바나나시럽 500g/바나나맛시럽 딸기시럽 키위시럽 초코시럽 빙수재료/제과제빵 식품첨가제 ","11,800"
"바나나 성인윤활제 100ml [성인용/성인/윤활젤/윤활제/맛사지/마사지/젤/젤리/크림/로션/오일/러브젤] ","6,300"
"[9521]BNC(암)-좌우 바나나플러그 변환커넥터 ","11,760"
"[9629]SpeedMax BNC (수)-2핀 바나나플러그케이블10M ","38,220"
"[9629]SpeedMax BNC (수)-2핀 바나나플러그케이블5M ","15,840"
"[9629]SpeedMax BNC (수)-2핀 바나나플러그케이블1M ","11,760"
"[12817]SpeedMax 바나나플러그-악어클립RG58케이블5M ","19,800"
"[12817]SpeedMax 바나나플러그-악어클립RG58케이블3M ","15,840"
"[12817]SpeedMax 바나나플러그-악어클립RG58케이블2M ","13,860"
"[바나나배너4m] 플라잉배너 비치배너 윈드배너 해변배너 스카이배너 티어드랍teardrop 자이언트폴 트라이폴 ","49,500"
"[9630]SpeedMax 더블 바나나플러그 to 악어클립2M ","14,000"
"[9521]BNC(암)-좌우 바나나플러그 변환커넥터 ","12,000"
"현미피칸바나나식빵/SUS6615 ","5,500"
"스마트스낵 과일모형 수세기 (7313) 고일모형세트 수세기교구 과일모형세트 오렌지 사과 바나나 자두 ","28,100"
"국내최저가 [Yamaha] 야마하 SOAVO-3 톨보이 스피커 코드카니발클래식 고급바나나단자증정 ","2,164,550"
"ABINU086　바나나(Banana)F.O프래그런스오일/바나나 ","3,100"
"홍차와 바나나 - 기자의 눈으로 바라본 지구촌의 눈물과 희망 메시지 ","11,700"
"바나나 키친 ","10,800"
"인디고의 별 - 바나나 하우스 이야기 2 ","9,000"
"바나나맛 파나마 ","8,100"
"바나나 해변 그리고 군사기지 ","18,000"
"장코의 바나나 ","7,650"
"새피의 천사 - 바나나 하우스 이야기 1 ","9,000"
"ABINU521　바나나향(banana) 플레이버 오일 30ml/플레이버오일/30ml/오일 ","6,100"
"ABINU1012　바나나(Banana)F.O프래그런스오일100ml ","15,000"
"ABINU1011　바나나(Banana)F.O프래그런스오일10ml ","3,000"
"아침 바나나 다이어트 다이어리 - 실천편 ","7,200"
"[플라잉배너 럭셔리 6m] 바나나배너 윈드배너 해변배너 모델하우스 비치배너 자이언트폴 트라이폴 ","77,000"
"구매대행/베이비바나나 바나나 치발기/유아치발기 ","37,000"
"[6198] 카나레 무산소동선2S9FG싱글와이어링스피커케이블2m/완제품[바나나-바나나] ","60,450"
"[6198] 카나레 무산소동선2S9FG싱글와이어링스피커케이블5m/완제품[바나나-바나나] ","103,950"
"[6198] 카나레 무산소동선2S9FG싱글와이어링스피커케이블5m/완제품[바나나-바나나] ","102,900"
"[6198] 카나레 무산소동선2S9FG싱글와이어링스피커케이블3m/완제품[바나나-바나나] ","77,420"
"제티(20입)1곽 (쿠키앤쵸코/바나나/딸기) ","4,000"
"인쇄옵션다량구매2종바나나손톱깎이세트/인쇄가능/손 ","960"
"바나나샵코란도C 전용 이글 트렁크 엠블렘 (트렁크 엠블렘) ","19,800"
"바나나샵올뉴프라이드 카비스 글라스리피터 (글라스리피터) ","48,510"
"원통형소6604바나나겨자-한지등 한지등갓 한지조명 ","29,800"
"원통형소6601바나나베이지- 한지조명 한지등만들기 ","29,800"
"코드컴퍼니(ChordCompany) 압착식 바나나 플러그(1개)  ","15,000"
"[6198] 카나레 무산소동선2S9FG싱글와이어링스피커케이블2m/완제품[바나나-바나나] ","60,450"
"바나나도어스탑/문닫힘방지/도어스탑/도어락/손낌방지/ ","3,800"
"한지 바나나지 4색/한지공예/한지포장지 ","1,500"
"한지 바나나지 /한지공예/한지포장지 ","1,750"
"[10291]BNC (수)-2핀 바나나플러그케이블10M/측정장비용바나나플러그 ","64,250"
"[10291]BNC (수)-2핀 바나나플러그케이블5M/측정장비용바나나플러그 ","34,550"
"[10291]BNC (수)-2핀 바나나플러그케이블3M/측정장비용바나나플러그 ","22,670"
"[10291]BNC (수)-2핀 바나나플러그케이블2M/측정장비용바나나플러그 ","17,720"
"[10291]BNC (수)-2핀 바나나플러그케이블1M/측정장비용바나나플러그 ","10,790"
"바나나샵뉴그랜저 VIP 대쉬보드커버 (대쉬보드커버) ","24,750"
"바나나샵리베로 VIP 대쉬보드커버 (대쉬보드커버) ","24,750"
"바나나샵트라제XG VIP 대쉬보드커버 (대쉬보드커버) ","24,750"
"바나나 러브젤 100ml 고점도젤/러브젤/마시지젤/마사지오일/사은품증정/무료배송 ","9,890"
"바나나 러브젤 100ml 고점도젤/러브젤/마시지젤/마사지오일/사은품증정/무료배송 ","9,890"
"바나나 러브젤 100ml 고점도젤/러브젤/마시지젤/마사지오일/사은품증정 ","3,400"
"바나나가 쿵 하고 현북스 제럴드 맥더멋  ","10,800"
"바나나가 쿵하고(알이알이창작그림책2) ","10,800"
"토니모리 바나나 핸드 밀크 로션 손로션 핸드크림 바 ","6,270"
"[웰라이프채널]GTS3010-귀요미 동물캐릭터 손톱깎이/2종 바나나 손톱깎이 세트-사은품/판촉물/기념품 ","1,100"
"PetToy Squeaky Banana (바나나)찍찍삑삑 ","7,000"
"순면저지침구 심플 바나나 매트커버(싱글) ","75,000"
"순면저지침구 심플 바나나 매트커버(슈퍼싱글) ","81,000"
"순면저지침구 심플 바나나 매트커버(퀸) ","94,500"
" 앙쥬 기린치발기 왕바나나치발기 치아발육기 실리콘 ","11,500"
"아마조나스 바나나 2인용 해먹/레인보우/EL-1955200/더블해먹 ","65,000"
"[DYC]바나나 스피커 바인딩 D-BNA-115 ","9,000"
"[DYC]바나나 스피커 바인딩 D-BNA-115 ","8,820"
"무료배송 어디서나 안전하게 바나나 도어 스토퍼(문고정대) ","8,500"
"무료배송 어디서나 안전하게 바나나 도어 스토퍼(문고정대) ","8,500"
"마이껌 쫄깃 바나나 돈피소프트껌 10P /국내산/변비예방/다이어트 /강아지용품/간식/개껌 ","36,200"
"[10개묶음할인]마이껌 쫄깃 바나나 돈피소프트껌 10PX10개 /국내산/변비예방/다이어트 /강아지용품/간식 ","36,200"
"[유기농요거트스넥]해피베이비요기스-[바나나망고] ","8,930"
"차뜨래 바나나라떼1곽(10포) /부드러운 과일라떼 ","3,200"
" 비주얼 3i401b 바나나 접착 누브라 ","16,740"
"[비누클레이]향기나는바나나비누-10인용세트- ","20,000"
"파란낚시 한강 바나나글루텐(덕용) ET공법 붕어 집어제 글루텐 민물낚시 떡밥 ","4,390"
"언어 바나나 보노보 - 언어학의 문제와 퍼즐 그리고 논쟁 ","8,550"
"바나나보트 Banana BoatBanana Boat Ultra Sport Suns ","68,700"
"바나나 리포트 두성북스 김노암 이미지와 현실이 서로를 향해 미끄러지는 풍경 ","15,300"
"바나나 리포트 - 이미지와 현실이 서로를 향해 미끄러지는 풍경 ","15,300"
"앙쥬 바나나 치발기/ 유아용품 유아용치발기 유아용노리개 ","12,900"
"어디서나 안전하게 바나나 도어 스토퍼(문고정대) ","6,300"
"배송무료 어디서나 안전하게 바나나 도어 스토퍼(문고정대) ","8,500"
"바나나 리포트 ","15,300"
"바나나 러브젤 100ml 고점도젤/러브젤/마시지젤/마사지오일/당일발송 / zhseha ","4,700"
"바나나 러브젤 100ml 고점도젤/러브젤/마시지젤/마사지오일/당일발송/무료배송 / zhseha ","9,890"
"[천일유통] 리코스 나쵸치즈소스200g 3500원/나쵸/커피땅콩/초코볼/떡볶이과자/건포도/피넛/바나나칩 ","3,500"
"311마름이구 바나나베이지-한지등 한지조명 전등갓 ","89,000"
"유민티앤티 바나나 도어스토퍼/문고정/아이디어 ","7,000"
"SpeedMax BNC (수)-2핀 바나나플러그 케이블 4M ","14,000"
"SpeedMax BNC(수)-2핀 바나나플러그 케이블 10M-16M ","26,000"
"SpeedMax BNC(수)-2핀 더블바나나플러그 케이블 5M-9M ","16,000"
"SpeedMax 바나나플러그 - 악어클립 RG58 2M ","10,000"
"SpeedMax RG-58 바나나플러그 - 악어클립 RG58 1M-3M ","8,000"
"SpeedMax 바나나플러그 - 악어클립 RG58 3M ","12,000"
"SpeedMax 바나나플러그 - 악어클립 RG58 4M ","14,000"
"SpeedMax 바나나플러그 - 악어클립 RG58 5M ","16,000"
"SpeedMax RG58 더블 바나나플러그 to 악어클립 1M-3M ","8,000"
"SpeedMax 더블 바나나플러그 to 악어클립 2M ","10,000"
"SpeedMax 더블 바나나플러그 to 악어클립 4M ","14,000"
"SpeedMax 더블 바나나플러그 to 악어클립 3M ","12,000"
"SpeedMax RG58 더블 바나나플러그 to 악어클립 5M-9M ","16,000"
"(광일체어) 바나나 중 사무용의자 컴퓨터의자 ","157,500"
"(광일체어) 바나나 대 사무용의자 컴퓨터의자 ","157,500"
"RichBay 금장 튜브 바나나플러그-2개1조 ","30,000"
"RichBay 로듐 튜브 바나나플러그-2개1조 ","35,000"
"RichBay 금장 튜브 바나나플러그-2개1조 ","30,000"
"RichBay 로듐 튜브 바나나플러그-2개1조 ","35,000"
"플라워 스카이 라인 바나나 헤어핀 R13FWP004 ","35,000"
"도어쿠션(딸기 바나나) 베란다문/AA5/bb52/어린이집/손가락보호/아이손/손낌방지/발낌방지/ ","5,400"
"뱀파이어 프린세스 앨리스노블 미토 이즈미 난코쿠 바나나  ","6,300"
"앙쥬바나나브러쉬/신생아칫솔/바나나칫솔/치발기/유아치솔/칫솔/칫솔/브러쉬/치아발육기 ","14,600"
"베이비바나나브러쉬/신생아칫솔/바나나칫솔/치발기/유아치솔/칫솔/칫솔/브러쉬/치아발육기 ","16,800"
"아가프라/바나나하트/브러쉬(노랑)(케이스X) /유아칫솔/유아동칫솔/아기칫솔/어린이칫솔/유아브러쉬 ","17,600"
"[하이오디오]MonkeyCable(몽키케이블) Monkey 이중나사조임식 바나나플러그 4개 1세트 ","80,000"
"바나나우산/아이디어상품/3단우산/자동우산/양산/우비 ","9,500"
"[중고]밀크맨 (Milkman) 01권/상태(중)/ 삼양출판사/난고쿠 바나나 ","800"
"바나나지우개/지우개/먹지마지우개/단체선물 ","800"
"펠리컨 바나나파우치/나일론 바나나파우치 ","6,600"
"카나레 4S11G 싱글와이어링 바나나-바나나 5M-8M ","152,000"
"카나레 4S11G 싱글와이어링 바나나-바나나 2M-5M ","99,000"
"카나레 2S9FG 싱글와이어링 바나나-바나나 5M-9M ","121,000"
"카나레 OFC 2S9FG 싱글와이어링 바나나-바나나 3M ","87,000"
"카나레2S9FG 싱글와이어링케이블 바나나-바나나 2M-4M ","68,000"
"[21세기북스] 인생을 만들다 요시모토 바나나의 ","12,150"
"모닝 옐로우 바나나 시럽 1000ml(1세트 2개) ","32,000"
"모닝 옐로우 바나나 시럽 1000ml(1박스 6개) ","96,000"
"모닝 옐로우 바나나 시럽 1000ml ","17,000"
"바나나 케이블 1Set/악어클립 (Red/Black) ","18,000"
"RG58 바나나플러그(2선) to 악어클립(2선) 케이블 6m ","13,000"
"RG58 바나나플러그(1) to 악어클립(1) 케이블 6m ","12,000"
"RG58 더블_바나나 to 악어클립 케이블 6m ","13,000"
"RG58 BNC(암)-좌우 바나나플러그식 케이블 6m ","18,000"
"RG58 BNC (수)-2핀 바나나플러그 케이블 6m ","18,000"
"RG58 바나나플러그(2선) to 악어클립(2선) 케이블 5m ","12,000"
"RG58 바나나플러그(1) to 악어클립(1) 케이블 5m ","11,000"
"RG58 더블_바나나 to 악어클립 케이블 5m ","12,000"
"RG58 BNC(암)-좌우 바나나플러그식 케이블 5m ","16,000"
"RG58 BNC (수)-2핀 바나나플러그 케이블 5m ","16,000"
"RG58 바나나플러그(2선) to 악어클립(2선) 케이블 4m ","11,000"
"RG58 바나나플러그(1) to 악어클립(1) 케이블 4m ","10,000"
"RG58 더블_바나나 to 악어클립 케이블 4m ","11,000"
"RG58 BNC(암)-좌우 바나나플러그식 케이블 4m ","14,000"
"RG58 BNC (수)-2핀 바나나플러그 케이블 4m ","14,000"
"RG58 바나나플러그(2선) to 악어클립(2선) 케이블 3m ","10,000"
"RG58 바나나플러그(1) to 악어클립(1) 케이블 3m ","9,000"
"RG58 더블_바나나 to 악어클립 케이블 3m ","10,000"
"RG58 BNC(암)-좌우 바나나플러그식 케이블 3m ","12,000"
"RG58 BNC (수)-2핀 바나나플러그 케이블 3m ","12,000"
"RG58 바나나플러그(2선) to 악어클립(2선) 케이블 1.5m ","8,500"
"RG58 바나나플러그(1) to 악어클립(1) 케이블 1.5m ","7,500"
"RG58 더블_바나나 to 악어클립 케이블 1.5m ","8,500"
"RG58 BNC (수)-2핀 바나나플러그 케이블 1.5m ","9,000"
"RG58 바나나플러그(2선) to 악어클립(2선) 케이블 0.5m ","7,120"
"RG58 바나나플러그(1) to 악어클립(1) 케이블 0.5m ","6,500"
"RG58 더블_바나나 to 악어클립 케이블 0.5m ","7,500"
"RG58 BNC(암)-좌우 바나나플러그식 케이블 0.5m ","7,000"
"RG58 BNC (수)-2핀 바나나플러그 케이블 0.5m ","7,000"
"RG58 바나나플러그(2선) to 악어클립(2선) 케이블 2m ","8,900"
"RG58 바나나플러그(1) to 악어클립(1) 케이블 2m ","8,000"
"RG58 더블_바나나 to 악어클립 케이블 2m ","9,000"
"RG58 BNC(암)-좌우 바나나플러그식 케이블 2m ","10,000"
"RG58 BNC (수)-2핀 바나나플러그 케이블 2m ","10,000"
"건바나나칩(비앤지 1Kg)/튀긴 바나나칩 간식 과자 ","8,700"
"건바나나칩(비앤지 1Kg)x10개/튀긴 바나나칩 대용량 ","76,400"
"메디푸드 미니웰 고단백 균형영양식 바나나맛 (24팩) ","40,000"
"스와로브스키 집게발 바나나핀/바나나헤어핀/하트동동 ","23,000"
"누가 바나나를 가져갔을까 ","10,800"
"컵변기솔/변기솔/바나나변기솔/청바지솔/사각변기솔 ","2,800"
"RG-58 바나나플러그x2-악어클립x2 케이블(국산 RG-58 선재채용)-9M ","33,000"
"RG-58 바나나플러그x2-악어클립x2 케이블(국산 RG-58 선재채용)-10M ","36,000"
"RG-58 바나나플러그x2-악어클립x2 케이블(국산 RG-58 선재채용)-15M ","51,000"
"RG-58 바나나플러그x2-악어클립x2 케이블(국산 RG-58 선재채용)-20M ","66,000"
"RG-58 바나나플러그-악어클립 1:1 케이블(국산 RG-58 선재채용)-1M ","8,000"
"RG-58 바나나플러그-악어클립 1:1 케이블(국산 RG-58 선재채용)-2M ","11,000"
"RG-58 바나나플러그-악어클립 1:1 케이블(국산 RG-58 선재채용)-3M ","14,000"
"RG-58 바나나플러그-악어클립 1:1 케이블(국산 RG-58 선재채용)-4M ","17,000"
"RG-58 바나나플러그-악어클립 1:1 케이블(국산 RG-58 선재채용)-5M ","20,000"
"RG-58 바나나플러그-악어클립 1:1 케이블(국산 RG-58 선재채용)-6M ","23,000"
"RG-58 바나나플러그-악어클립 1:1 케이블(국산 RG-58 선재채용)-7M ","26,000"
"RG-58 바나나플러그-악어클립 1:1 케이블(국산 RG-58 선재채용)-8M ","29,000"
"RG-58 바나나플러그-악어클립 1:1 케이블(국산 RG-58 선재채용)-9M ","32,000"
"RG-58 바나나플러그-악어클립 1:1 케이블(국산 RG-58 선재채용)-10M ","35,000"
"RG-58 바나나플러그-악어클립 1:1 케이블(국산 RG-58 선재채용)-15M ","50,000"
"RG-58 바나나플러그-악어클립 1:1 케이블(국산 RG-58 선재채용)-20M ","65,000"
"1883루틴 바나나 시럽 1000ml/시럽펌프(추가구성) ","16,000"
"(바나나스푼)부케로즈 린넨 원단 (민트) ","7,440"
"(바나나스푼)로즈블라썸 린넨 원단 (아이보리) ","7,440"
"(바나나스푼)로즈블라썸 린넨 원단 (민트) ","7,440"
"(바나나스푼)로즈블라썸 린넨 원단 (그린) ","7,440"
"(바나나스푼)부엉이가족 린넨 원단 (블랙) ","7,440"
"(바나나스푼)부엉이가족 린넨 원단 (레드) ","7,440"
"프리미엄오피스한지로 공예한지 바나나지NO.1 -낱개 ","1,770"
"(바나나스푼)크리스마스 이니셜 가렌드 ","8,370"
"도매왕국 한지로 공예한지 바나나지NO.1 -낱개 난꽃 ","1,610"
"컵변기솔/변기솔/바나나변기솔/바닥솔/사각변기솔 ","2,800"
"모닝/모닌 바나나 시럽 1000ml(2병1세트) ","32,000"
"모닝/모닌 바나나 시럽 1000ml(2병1세트) ","32,000"
"모닝/모닌 바나나 시럽 1000ml(1박스/6병) ","96,000"
"모닝/모닌 바나나 시럽 1000ml(1박스/6병) ","96,000"
"1883 바나나 시럽 1000ml /과일시럽/커피시럽 ","16,500"
"모닝 옐로우바나나시럽1000ml(1세트 2개)/모닝시럽 ","32,000"
"모닝 옐로우바나나시럽1000ml(1박스 6개)/모닝시럽 ","96,000"
"모닝 옐로우바나나시럽1000ml /바나나라떼/모닝시럽 ","17,000"
"WireWorld 와이어월드 스피커케이블 Luna7 [3미터] 바나나단자장착완제품 루나7 -AV전문상담- ","195,000"
"WireWorld 와이어월드 스피커케이블 Stream7 [3미터] 바나나단자장착완제품 스트림7 -AV전문상담- ","148,500"
"WireWorld 와이어월드 스피커케이블 Luna7 [3미터] 바나나단자장착완제품 루나7 -AV전문상담- ","193,050"
"WireWorld 와이어월드 스피커케이블 Stream7 [3미터] 바나나단자장착완제품 스트림7 -AV전문상담- ","150,000"
"와이어월드 WireWorld 스피커케이블 Stream7 [3미터] 바나나단자장착완제품 스트림7 -AV전문상담- ","148,500"
"[D-BNA-102(set)][DYC]바나나 스피커 플러그(SET : 검정 1EA 빨강 1EA ) ","9,900"
"[D-BNA-104(set)][DYC]바나나 스피커 플러그(SET : 검정 1EA 빨강 1EA) ","3,960"
"키스와 바나나 - 테마 소설집 ","12,150"
"[여성도구]료가와 치로양먹쇠(브라운)/딜도/먹쇠/떡쇠/페니스/바나나/고추/오이/성도구/성제품 ","32,000"
"[여성도구]료가와 치로 양먹쇠 (스킨)/성인용품/매너남/매너녀/훈남/훈녀/바나나/고추/오이/가지 ","32,000"
"[여성용품]G바이브(블루)/바이브레이터/저소음/휴대용/딜도/먹쇠/떡쇠/페니스/바나나/고추/오이 ","37,000"
"2단딜도(수)/딜도/버섯/마스터베이션/덜덜이/독신자용품/비밀배송/안전배송/성인제품/오이/바나나 ","17,000"
"마제스틱더블콕(진동)/딜도/먹쇠/떡쇠/페니스/바나나/고추/오이/버섯/음/휴대용/딜도/먹쇠/마베 ","44,000"
"mr.right-미스터라이트(수동먹쇠)/페니스/바나나/고추/오이/버섯/훈남/미소년/아이돌/선남선녀/필수품 ","44,000"
"바나나 형수님 ","8,100"
"5·18과 바나나: 한국 근현대사 이야기 ","9,000"
"장코의 바나나-돌개바람22 ","7,650"
"홍차와 바나나: 기자의 눈으로 바라본 지구촌의 눈물과 희망 메시지 ","11,700"
"(AK플라자) 트롤리 트롤리 구미 캔디 바나나향 100g ","2,000"
"문닫힘방지 문고정장치 문보호대 유아안전 아이디어 디자인상품 귀여운 바나나 도어 스토퍼 ","5,300"
"네츄럴코어 쫄깃 바나나 돈피소프트껌 10p ","4,000"
"바나나지1번 ","9,000"
"바나나지4번 ","9,000"
"바나나지2번 ","9,000"
"애견용품 펫토이 봉제 바나나 로프 장난감 ","2,950"
"바나나 똥 ","11,430"
"AZ[소망농원]바나나가루(500g)/바나나분말/비타민A와C 식이섬유가 풍부/바나나분말 파는곳/인기 ","12,000"
"카레여왕 망고바나나108g x 1 ","2,600"
"키스와 바나나 ","12,150"
"바나나의 웃음(문예중앙시선 31) ","7,200"
"바나나 형수님 ","8,100"
"아침 바나나 다이어트 다이어리: 실천편 ","7,200"
"바나나 해변 그리고 군사기지 ","18,000"
"프리이케이 바나나우산 양산 우산 um-banana ","7,000"
"일본문화사: 조몬 토기부터 요시모토 바나나까지 ","25,200"
"하루꼬의 바나나-국보시선 ","10,800"
"3i401b 바나나 접착 누브라 ","15,500"
"3i401b 바나나 접착 누브라 ","15,500"
"3i401b 바나나 접착 누브라 ","15,500"
"3i401b 바나나 접착 누브라 ","15,500"
"바나나가 쿵 하고(양장)-알이알이 창작그림책02 ","10,800"
"인생을 만들다: 요시모토 바나나의 ","12,150"
"바나나 우유: 그리움으로 찾아낸 50가지 음식의 기억 ","12,420"
"바나나 키친 ","10,800"
"바나나 리포트: 이미지와 현실이 서로를 향해 미끄러지는 풍경 ","15,300"
"(민음사) 꿈꾸는 하와이 -요시모토 바나나 여행에세이 ","11,700"
"바나나보트 키즈 스프레이 썬크림 SPF50+ 240ml ","31,000"
"바나나보트 키즈 썬크림 SPF50+ 400g ","36,000"
"바나나보트 베이비 스프레이 썬크림 SPF50+ 200ml ","30,000"
"펫츠골미니푸르트바나나130g/트위스트덴탈껌/강아지껌 ","2,750"
"포모나 바나나 파우더 800g ","14,000"
"바나나보트 베이비 롤온 썬크림 SPF50+ 75ml ","14,000"
"바나나보트 키즈 롤온 썬크림 SPF50+ 75ml ","14,000"
"바나나보트 키즈 스프레이 썬크림 SPF50+ 240ml ","23,000"
"바나나보트 키즈 썬크림 SPF50+ 400g ","28,000"
"꿈꾸는 하와이: 요시모토 바나나 여행 에세이 ","11,700"
"바나나보트 베이비 스프레이 썬크림 SPF50+ 200ml ","22,000"
"바나나젤 100ml/성인용품/마사지젤/윤활젤 /러브젤 ","6,210"
"DVD 우디알렌의 바나나 (바나나공화국) (1disc) Bananas ","13,000"
"바나나 원숭이 네임택 네임텍/smomoya ","4,200"
"WW문닫힘방지 문고정장치 바나나 도어스토퍼 ","9,000"
"컵케익(바나나).60g/백설 총알배송  ","1,480"
"하인즈 배 바나나 사과 120g 호주직배송 ","18,000"
"탄토라 바나나 잎(10장)pH하강/점막보호/항균발색강화 ","6,300"
"BE038 Coms 바나나 케이블 1Set/악어클립 (Red/Black) ","12,000"
"하인즈 오트 바나나비스켓150g 5개 호주직배송 ","36,800"
"벨라미스오가닉 파인애플 바나나스낵 5개 호주직배송 ","27,800"
"벨라미스오가닉 사과 바나나 배 바 5개 호주직배송 ","33,800"
"위메이크디자인 바나나파티(아이폰5) ","14,000"
"펫토이 실타래 바나나 장난감 (임의배송)/애견장난감 ","3,300"
"ts푸드 비앤지월넛 건바나나칩 1kg) ","9,500"
"ts푸드 비앤지월넛 건바나나칩 1kg 10개 ","86,400"
"하이파이 카나레케이블 407SET (2M+2M)바나나단자장착 ","46,000"
"하이파이 카나레케이블 407SET (2M+2M)바나나단자장착 ","48,510"
"와이어월드 스피커케이블 Luna7 3미터 바나나단자 ","193,050"
"와이어월드 스피커케이블 Luna7 3미터 바나나단자 ","195,000"
"당일발송-바나나케이블(멀티전원플러그/테스트용) ","6,500"
"A 바나나케이블/ITA265/멀티 전원 플러그/테스트용 ","8,000"
"루미낙/바나나/아이스크림볼-3p/24cm/팥빙수볼/소스볼 ","9,450"
"비누클레이 향기나는바나나비누-10인용세트- (10개) ","220,000"
"세상 가장큰 바나나쿠션_100cm 드림토이  ","33,840"
"판쵸 담요-2종 바나나스푼  ","20,680"
"지그재그 극세사 담요 (블랙) 바나나스푼  ","24,440"
"ITA265-바나나 케이블 멀티 전원 플러그 테스트용 ","4,800"
"AP 바나나케이블/BE481/각종 전기제품 테스트 시 ","12,900"
"SpeedMax RG58 바나나플러그1-악어클립1 5M SM-RG58A ","15,000"
"SpeedMax RG58 바나나플러그1-악어클립1 4M SM-RG58A ","13,000"
"SpeedMax RG58 바나나플러그1-악어클립1 3M SM-RG58A ","11,000"
"SpeedMax RG58 바나나플러그1-악어클립1 2M SM-RG58A ","9,000"
"SpeedMax RG58 바나나플러그(1) - 악어클립(1) 1M -2M ","7,000"
"SpeedMax 바나나플러그-악어클립 RG58 5M SM-RG583 ","16,000"
"SpeedMax 바나나플러그-악어클립 RG58 4M SM-RG583 ","14,000"
"SpeedMax 바나나플러그-악어클립 RG58 2M SM-RG583 ","10,000"
"SpeedMax 바나나플러그-악어클립 RG58 3M SM-RG583 ","12,000"
"SpeedMax BNC(암)-좌우 바나나플러그식 6M-10M SM-RG ","18,000"
"SpeedMax 바나나플러그 - 악어클립 RG58 1M - 3M  ","8,000"
"SpeedMax BNC(암)-좌우 바나나플러그식 5M SM-RG58210 ","16,000"
"SpeedMax BNC(암)-좌우 바나나플러그식 4M SM-RG58210 ","14,000"
" 더베스트 ITA265 Coms 바나나 케이블(멀티 전원 ","4,800"
"바나나 스피커 플러그(세트-검정1빨강1)동양D-BNA-106 ","6,800"
"바나나 스피커 바인딩 DYC(D-BNA-115) ","11,000"
"바나나 스피커 플러그(세트) D-BNA-102 ","11,000"
"바나나 스피커 플러그(세트-검정1/빨강1) D-BNA-102 ","11,000"
"바나나 골드 검정 1.8M HDMI/마이크로 HDMI 케이블 ","25,000"
"바나나 골드 흰색 1.8M HDMI/마이크로 HDMI 케이블 ","25,000"
"바나나 골드 1m 블랙 HDMI/미니HDMI 변환 케이블 ","17,000"
"바나나 골드 1m 흰색 HDMI/미니HDMI 변환 케이블 ","17,000"
"DIY 4mm 바나나 연결 세트 / 플러그 암수 세트 / 4Set ","11,900"
"아마존 미네랄스톤/햄스터 이갈이장난감/바나나모양 ","2,900"
"바나나호박씨앗 10립 - 금동/황색/식용가능 ","5,000"
"바나나호박씨앗 100립 - 금동/황색/식용가능 ","30,000"
"-156 극저온 바나나단자(동핀) - 4개1조//바나나핀 ","28,000"
"극저온 NAKAMICHI(나카미치) 바나나 플러그 -10개1조 ","48,000"
"극저온 NAKAMICHI(나카미치) 바나나 플러그 - 2개1조 ","14,000"
"ULTIMAX 고급 바나나플러그(BP-926) - 2개1조/바나나 ","18,000"
"NAKAMICHI(나카미치) 말굽단자 - 4개1조/바나나단자 ","18,000"
"NAKAMICHI(나카미치) 말굽단자 - 10개1조/바나나단자 ","44,000"
"NAKAMICHI(나카미치) 바나나 플러그 - 10개1조 ","44,000"
"NAKAMICHI(나카미치) 바나나 플러그 - 2개1조/ ","10,000"
"NAKAMICHI(나카미치) 바나나 플러그 - 4개1조 ","18,000"
"-156 극저온 말굽단자(동) - 4개1조/말굽바나나단자 ","28,000"
"극저온 ULTIMAX 고급 바나나플러그(BP-926) - 2개1조 ","24,000"
"SpeedMax 더블 바나나플러그 to 악어클립 1M - 3M  ","8,000"
"SpeedMax 더블 바나나플러그 to 악어클립 2M SM-RG580 ","10,000"
"SpeedMax 더블 바나나플러그 to 악어클립 4M SM-RG580 ","14,000"
"FB(희망)바나나크로톤 화분(소)/2개 묶음배송/ ","8,500"
"엘리트 바나나맨 바나오 동전지갑 캐릭터 가방 고리 ","8,000"
"바나나 커넥터 / 계측기 바나나 커넥터 / 3개 세트 ","12,900"
"첨스 스몰 바나나 숄더 스 나일론/Dark_Ocean ","82,000"
"첨스 스몰 바나나 숄더 스 나일론/Dark_Ocean ","82,000"
"엘리트 바나나 맨 바나오 캐릭터 필통 파우치 ","12,500"
"매직캐슬 휄트(토독) 과일(1161) 사과 바나나 딸기 15 ","11,200"
"NT778 Coms 바나나 젠더 (F/F월플레이트) White ","3,810"
"바나나 컨넥터-Gold Metal/스피커 케이블에사용/블랙 ","4,400"
"ITA983 Coms 컨넥터-바나나 Red / Gold Metal ","3,500"
"ITA982 Coms 컨넥터-바나나 Black / Gold Metal ","3,500"
"바나나 컨넥터 플러그 Black / Gold Metal(ITA982) ","3,200"
"A 바나나커넥터/ITA982/바나나 커넥터/블랙-골드메탈 ","6,700"
"A 바나나커넥터/ITA982/바나나 커넥터/블랙-골드메탈 ","4,200"
"위키 후르트 스마트폰 휴대용 거치대(바나나 옐로우) ","8,000"
"컨넥터-바나나 Red / Gold Metal/ 중1택 ","6,000"
"스피커 바나나 플러그 제작젠더 블랙 골드메탈 ","5,500"
"스테레오 스피커 바나나 납땜용 제작 플러그 젠더 레 ","5,500"
"선물하기 좋은 정품 14K목걸이 채널바나나체인 NS116_42cm ","138,610"
"선물하기 좋은 정품 14K목걸이 채널바나나체인 NS116_45cm ","148,110"
"피니 젤리 바나나모양 80g x12개 ","10,710"
"케이블마트 ABE038 바나나 케이블/악어 클립 ","11,000"
"케이블마트 ABE535 악어 클립 케이블-바나나 단자 1M ","4,000"
"바나나파티 전기종 위메이크디자인  ","26,320"
"민음사) 스위트 히어애프터 - 요시모토 바나나 ","10,800"
"2400 바나나향케익 12봉/빵/간식/후식/소풍/학원 ","20,200"
"(우리FnS)건바나나칩(황토마을 비앤지월넛 1K)/술안주 ","12,200"
"(우리FnS)건바나나칩(비앤지월넛 1K)X10개/마른안주 ","81,200"
"2400 바나나향케익 5봉/베이커리/빵/소풍/학원 ","8,400"
"2400 바나나향케익 12봉/베이커리/빵/소풍/학원 ","20,200"
"무/배 2400 바나나향케익 12봉/베이커리/빵/간식/후식 ","23,200"
"3500 젤리 바나나 파우치 1P (랜덤)/smomoya ","2,800"
"3500 젤리 바나나 파우치 1P (랜덤)/minikitty7 ","2,800"
"(메론/딸기/망고/녹차/옥수수/포도/바나나)레진 1kg ","16,500"
"손오공정품파티시엘초코바나나만들기/주방놀이/만들기 ","7,900"
"사운드오션 C049 바나나플러그 BANANAPLUG 1개가격 ","1,300"
"사운드오션 C051 2열바나나플러그 BANANAPLUG 1개가격 ","2,490"
"사운드오션 C053 바나나플러그 BANANAPLUG 1개가격 ","3,740"
"사운드오션 C055 바나나플러그 BANANAPLUG 1개가격 ","6,240"
"사운드오션 C056 바나나플러그 BANANAPLUG 1개가격 ","6,500"
"아즈텍 고급 바나나단자 실버-2개1조(BP-76) ","14,000"
"아즈텍 고급 바나나단자 화이트-2개1조(BP-66) ","14,000"
"바나나잎/받침대/컵받침/냄비받침대/전통받침대 ","12,000"
"바나나 피시 BANANA FISH 9 ","8,100"
"샹테카이 퓨쳐스킨 파운데이션 - 바나나 30g ","115,100"
"케이블마트 ABE481 바나나 케이블/악어 클립-1M ","20,000"
"케이블마트 ANT778 바나나 젠더-키스톤잭/월플레이트 ","6,000"
"바나나 쪼리 슬리퍼(FREE)-EVA패션쪼리/여름캐릭터여 ","7,900"
"비앤비(BnB) 베이비치약 액상형 바나나 80g 오랄크린 ","4,650"
"웅진다책 신나는 과학그림책 바나나로켓 : 전 62종 (북캐시 2% 추가적립) / 최신개정판 ","558,000"
" 아가드 바나나문닫침방지 도어쿠션 도어스토퍼 도어 ","5,500"
"와이어드림 극저온 바나나단자(동핀)/김승욱 ","4,000"
"WireDream 바나나단자(동핀)/극저온/4개1조 ","16,000"
"와이어드림 바나나단자(동핀)/극저온/김승욱 ","6,500"
"WireDream 극저온 바나나단자(동핀)/김승욱 ","6,500"
"와이어드림 극저온 바나나단자(동핀)/김승욱 ","6,500"
"와이어드림 극저온 바나나단자(동핀) 4개1조 ","16,000"
"와이어드림 바나나단자(동핀)/극저온/김승욱 ","3,840"
"WireDream 극저온 바나나단자(동핀)/김승욱 ","4,000"
"WireDream 바나나단자(동핀)/극저온/김승욱 ","6,500"
"WireDream 극저온 바나나단자(동핀) 4개1조 ","18,500"
"와이어드림 극저온 바나나단자(동핀) 4개1조 ","18,500"
"WireDream 극저온 바나나단자(동핀) 4개1조 ","16,000"
"와이어드림 바나나단자(동핀)/극저온/4개1조 ","18,500"
"케이블마트 AITA982 바나나 커넥터/젠더/잭-Black ","5,000"
"케이블마트 AITA983 바나나 커넥터/젠더/잭-Red ","7,000"
"아모스 AM-832 바나나10색 ","4,000"
"1883루틴_바나나 시럽 1000ml ","16,000"
"1883루틴_바나나 시럽 1000ml 박스(6병) ","99,000"
"일본 펄라이프 바나나 커터기 HP9112 ","6,000"
"몽키케이블 고급바나나플러그 4개 1세트 이중나사조임 ","80,000"
"몽키케이블 고급바나나플러그 4개 1세트 이중나사조임 ","80,000"
"무배 ITA983 바나나 컨넥터 스피커 플러그 레드 Gold  ","5,700"
"무배 ITA982 바나나 컨넥터 스피커 플러그 블랙 Gold  ","5,700"
"(차그림)스무디앤 바나나 1.8kg 박스(6개) ","51,700"
"(차그림)스무디앤 바나나 1.8kg 세트(2개) ","17,600"
"농심) 바나나킥 75g x 10개 부드럽고 달콤한 바나나맛 ","17,800"
"바나나(새콤달콤 과일 헝겊책 시리즈)(헝겊책) ","9,720"
"인디고의 별: 바나나 하우스 이야기. 2(독깨비(책콩 어린이) 6) ","9,000"
"BANANA FISH(바나나피시). 2 ","8,100"
"바나나보트 Banana Boat선크림선블록 Banana Boat Sun ","46,800"
"PnB 부토니에 G12YE바나나/부토니아 ","4,050"
"메론딸기망고녹차포도바나나블루베리체리레몬레진1kg ","16,500"
"위니치_사이언스바나나치발기_1입 ","8,200"
"바나나애널 진동핑크/애널용품/성인용품/성인부부커플 ","19,800"
"포스코 바나나 케이스/바나나통/도시락/이유통/용기 ","2,280"
"바나나 피시 BANANA FISH 11 ","8,100"
"라이브라이트 베이비 바나나 브러쉬/바나나치발기 ","9,500"
"허니버터링 장건강 바나나120gx10개/간식/애견/비스킷 ","23,600"
"시장통 휴대용 바나나 케이스/6175/간식/통/보관함 ","1,500"
"ncbs015-바나나 롤러코스터 ","29,600"
"바나나 리포트 ","15,300"
"바나나 파라솔 3 m BLT N008 ","155,000"
"(KASCO) 바나나가위8cm 직 (Vannas Scissors)2031S ","99,000"
"(KASCO)바나나가위8cm 곡 (Vannas Scissors)2031C ","95,040"
"바나나가위Side곡8cm (Vannas Scissors)SCWE-004 ","99,000"
"바나나젤/마사지젤/러브젤/성인용품/성인부부용젤 ","3,500"
"바나나/딸기우유 만들기 실험세트/JS-36154 ","21,680"
"바나나잎 트레이(Small) 3packs ","3,330"
"바나나잎 트레이(Long) 3packs ","4,950"
"바나나 바나나 자동장우산 ","39,800"
"바나나 슬라이서-케이스 유아 아기 간식 과자 식기 ","2,000"
"바나나 톡 - 인생이 피곤할 때 귀찮을 때 두려울 때 하나씩 까먹는 마음의 문장들 ","11,700"
"바나나 톡 지식너머 양창이  ","11,700"
"바나나먹쇠스킨/진동/성인용품/성인부부용/애널 ","18,900"
"바나나먹쇠핑크/진동/성인용품/성인부부용/애널 ","18,900"
"바나나 톡 ","11,700"
"바나나 톡 ","11,700"
"포스 바나나 케이스 소풍 피크닉 등산 보관 휴대 과일 ","1,700"
"(형설아이) 바나나 (새콤달콤 과일 헝겊책 시리즈) 헝겊책 ","9,720"
"(형설아이) 바나나 (새콤달콤 과일 헝겊책 시리즈) 헝겊책  ","9,720"
"바나나젤 수용성 피부탄력 및 보습효과 우수 ","4,400"
"과일 당도계/과일산도측정기/바나나/pal-bx/acid6 ","1,650,000"
"장식 바나나 수박 레몬 감 인테리어 모조 용 ","1,980"
"바나나 바나나 자동장우산 아틸다  ","37,420"
"허니버터링 쿠키 120gX3개 (장건강 바나나) ","7,380"
"1+1 허니버터링 쿠키 120g (장건강 바나나) ","5,700"
"허니버터링 쿠키 120g (장건강 바나나) ","3,000"
"바나나 톡 : 인생이 피곤할 때 귀찮을 때 두려울 때 하나씩 까먹는 마음의 문장들 ","11,700"
"BE038 Coms 바나나 케이블 1Set/악어클립 (Red/Black) ","12,000"
"부엉이가족 린넨 원단 (레드)(바나나스푼) ","7,040"
"포스 바나나 케이스/나들이 체험 학습 다이어트 식사 ","2,500"
"나노스킨 바나나 아이스 BANANA ICE 473ml 차량윤활제 ","19,000"
"나노스킨 바나나 아이스 BANANA ICE 473ml 차량윤활제 ","19,000"
"우원식품 동결건조 유기농 바나나칩 30g/과일칩/간식 ","3,600"
"우원식품 동결건조 유기농 바나나칩 30g/과일칩/간식 ","3,600"
"다미산업 동결건조 바나나칩 20g/과일칩/건과일칩 ","3,700"
"다미산업 동결건조 바나나칩 20g/과일칩/건과일칩 ","3,700"
"바나나 야자나무 인조목 조화 2.9M ","425,000"
"바나나 리퍼블릭 모던 오드 퍼퓸 50ml ","53,800"
"응용한지2(바나나B6)신디자인지/636-939mm/25매 ","60,000"
"쿠키앤맘 허니버터링 강아지쿠키 바나나 ","3,200"
"갤럭시탭A 9.7 바나나 쉴드 액정보호필름 ","8,000"
"(현대Hmall) 동원 밀크앤퍼니스트로우 100개입/바나나맛/딸기맛/초코맛 ","25,500"
"제티 바나나맛 20T/코코아/제티/초코/바나나 ","3,850"
"(현대Hmall) 더독 노블 웰빙 바나나맛 비스킷 ","990"
"몽키케이블 이중나사조임식 바나나플러그 4개 1세트 ","90,000"
"몽키케이블 이중나사조임식 바나나플러그 4개 1세트 ","90,000"
"-몽키케이블 이중나사조임식 바나나플러그 4개 1Set- ","90,000"
"-몽키케이블 이중나사조임식 바나나플러그 4개 1Set- ","90,000"
"호주직배송 바나나보트 스포츠 펌프 SPF50+ 400g ","18,200"
"호주직배송 바나나보트 울트라 SPF 50+ 400g ","18,200"
"호주직배송 바나나보트 베이비 롤온 SPF 50+ 75ml ","8,700"
"호주직배송 바나나보트 키즈 펌프 SPF50+ 400g ","18,200"
"호주직배송 바나나보트 에브리데이 펌프 SPF50+ 400g ","26,100"
"호주직배송 바나나보트 키즈 롤온 SPF 50+ 75ml ","8,700"
"호주직배송 바나나보트 키즈 스프레이 SPF50+ 240ml ","14,500"
"ITA265 Coms 바나나 케이블(멀티 전원 플러그 / 테 ","5,500"
"(현대Hmall) 바나나코 몽키 바나나 바보사랑  ","8,190"
"갤럭시노트5 케이스 SKINU 그래픽 Fruits 바나나 ","18,000"
"배드바나나 바나나인형 ","5,600"
"(현대Hmall) 아카시아 바나나 플레이트 ","15,000"
"퍼즐마을 뽀로로 바나나 24P 어린이 미니직소퍼즐 ","4,900"
"퍼즐마을 뽀로로 바나나 24P 어린이 미니직소퍼즐. ","7,400"
"SpeedMax RG58 BNC(수)-2핀 바나나플러그 6M - 10M ","18,000"
"SpeedMax RG58 BNC(수)-2핀 바나나플러그 케이블 5M ","16,000"
"SpeedMax RG58 BNC(수)-2핀 바나나플러그 케이블 4M ","14,000"
"SpeedMax RG58 BNC(수)-2핀 바나나플러그 케이블 3M ","12,000"
"SpeedMax RG58 BNC(수)-2핀 바나나플러그 케이블 1M ","8,000"
"SpeedMax RG58 BNC(수)-2핀 바나나플러그 케이블 2M ","10,000"
"비누만들기-향기나는바나나비누10인용세트-에코키즈 ","18,670"
"부엉이가족 린넨 원단 (레드)-바나나스푼 ","7,470"
"부엉이가족 린넨 원단 (블랙)-바나나스푼 ","7,470"
"로즈블라썸 린넨 원단 (그린)-바나나스푼 ","7,470"
"로즈블라썸 린넨 원단 (민트)-바나나스푼 ","7,470"
"부케로즈 린넨 원단 (민트)-바나나스푼 ","7,470"
"북유럽 지그재그 원단 (오렌지)-바나나스푼 ","5,230"
"북유럽 지그재그 원단 (블랙)-바나나스푼 ","5,230"
"로즈블라썸 린넨 원단 (아이보리)-바나나스푼 ","7,470"
"판쵸 담요-2종-바나나스푼 ","22,000"
"오카즈 도시락 칸막이-바나나스푼 ","6,770"
"핑크 토끼 도시락 칸막이-바나나스푼 ","7,160"
"템팩토리 - 바나나잎 디자인패턴 만년달력(대)-템 ","11,950"
"JAPAN 바나나 컷터-아리온 ","8,410"
"앙쥬 몽키 바나나 치아발육기 집게포함 바나나치발기 ","13,890"
"오션글라스 알래스카 바나나 스프릿 1P-재미있는생활 ","4,350"
"오션글라스 알래스카 바나나 스프릿 6P-재미있는생활 ","26,110"
"(대왕 베고자니) 대왕베고자니 바나나쿠션 베개 커버(편백/메밀커버)/충전재별도구매 ","6,300"
"BANC BCE005 바나나팜팜/ 뱅크 정품 패션 컬러 전자시계/젤리밴드 ","46,230"
"카페테리아 바나나 스플리스 디저트 접시(1P)-콕닷컴 ","6,810"
"바나나친구들-기프트앤데이 ","15,400"
"아이폰5/5S 파스텔 바나나옐로우 케이스-모바일하우스 무료배송  ","12,000"
"달콤바나나헤어핀 (DIY-DA771)-엔소엔 ","5,050"
"개냥이 호호캣 액정클리너 10종-바나나치킨 ","1,800"
"허니버터링 쿠키 120g (장건강 바나나) ","3,000"
"허니버터링 쿠키 120gX5개 (장건강 바나나) ","13,200"
"허니버터링 쿠키 120gX3개 (장건강 바나나) ","8,100"
"1+1 허니버터링 쿠키 120g (장건강 바나나) ","5,700"
"웰라이프 패트 바닥솔세트(삼각+바나나) ","5,720"
"웰라이프 패트 바나나변기솔 ","3,080"
"웰라이프 패트 바나나바닥솔 ","3,080"
" 다이소 바나나모양다용도케이스(2000)-63910 ","2,000"
"(시어테라오가닉스) 시어_말라위슈가 바디스크럽 (바나나_바오밥) 236ml ","31,670"
"더독 new 노블 웰빙 바나나맛 비스킷 ","2,500"
"무료배송 제티 스틱 바나나맛(20Tx3팩) ","14,300"
"잉스 실리콘 바나나 치발기(케이스포함) ","7,510"
"무료배송 제티 스틱 바나나맛(20Tx5팩) ","21,900"
"아동바지5부 냉장고 바나나 ","5,080"
"3부 냉장고 바나나 ","4,730"
"예쁜 바나나 우산/접이식 휴대용 패션/답례품/판촉용 ","7,500"
"더블데이 스위티 바나나 파우더 800g (1박스/10봉) ","127,450"
"더블데이 스위티 바나나 파우더 800g (2봉1세트) ","25,650"
"더블데이 스위티 바나나 파우더 800g 바나나라떼 ","13,500"
"호주직배송 바나나보트 에브리데이 SPF50+ 100g 튜브 ","11,000"
"커피프랜드) 포모나 바나나 파우더 800g ","13,000"
"커피프랜드) 포모나 바나나 파우더 1세트(800gX2개) ","25,000"
"커피프랜드)포모나 바나나 파우더 1박스(800gX12개) ","144,000"
"삼정크린마스터(주)_패트 바나나 변기솔 ","2,000"
"구매대행/레고 고릴라 그로드의 바나나 소동 76026 ","129,000"
"(민음사) 유쾌한 바나나 씨의 하루 ","6,300"
"(민음사) 어른이 된다는 건 : 요시모토 바나나의 즐거운 어른 탐구 ","10,800"
"(민음사) 바나나 키친 ","10,800"
"(민음사) 유쾌한 바나나 씨의 하루 ","6,300"
"(민음사) 어른이 된다는 건 : 요시모토 바나나의 즐거운 어른 탐구 ","10,800"
"(민음사) 바나나 키친 ","10,800"
"바나나보트 키즈 SPF50+ 롤온 75ml (X10) ","129,500"
"바나나보트 스포츠 SPF50+ 여행용튜브 40g (X10) ","47,900"
"호주직배송 바나나보트 키즈 SPF50+ 롤온 75ml (X10) ","87,000"
"호주직배송 바나나보트 베이비 SPF50+ 롤온 75ml(X10) ","87,000"
"바나나보트 스포츠 SPF50+ 여행용튜브 40g (X10) ","32,000"
"이것은 바나나가 아니다(파란시선 2) ","8,100"
"바나나케이스/바나나통/보관용기/바나나보관/과일케이 ","2,000"
"바나나 케이블 멀티 전원/USB 악어클립 테스트용 PLUG ","7,700"
"베티나르디 - 바나나 베리 30티백 허브차 ","13,500"
"바나나포켓 바나나지갑 보관 필수품 지갑 ","4,000"
"바나나보트 에브리데이 썬크림 SPF50+ 100g ","18,000"
"바나나보트 에브리데이 썬크림 SPF50+ 200g ","22,000"
"바나나보트 에브리데이 썬크림 SPF50+ 400g ","28,000"
"바나나보트 울트라 썬크림 SPF50+ 200g ","22,000"
"바나나보트 스포츠 썬크림 SPF50+ 40g ","10,000"
"바나나보트 스포츠 썬크림 SPF50+ 100g ","18,000"
"바나나보트 스포츠 썬크림 SPF50+ 200g ","22,000"
"바나나보트 스포츠 썬크림 SPF50+ 400g ","28,000"
"바나나보트 스포츠 스프레이 썬크림 SPF50+ 240ml ","23,000"
"바나나보트 피부 진정 알로에 젤 250g ","13,000"
"바나나보트 피부 진정 알로에 미스트 스프레이 250ml ","13,000"
"바나나와 망고 ","9,000"
"바나나보트 베이비 썬크림 롤온 75ml 3개 ","31,000"
"바나나보트 키즈 썬크림 롤온 75ml 2개 ","23,000"
"바나나보트 키즈 썬크림 롤온 75ml 3개 ","31,000"
" 라이브라이트 바나나치발기 옐로우 ","13,000"
"바나나식초 / 청담라이프 / 300ml 650ml ","8,000"
"언어 바나나 보노보 : 언어학의 문제와 퍼즐 그리고 논쟁 ","9,000"
"바나나 피시 BANANA FISH 7 ","8,100"
"다바오 바나나칩 450g ","10,650"
"후디스 구워만든 순곡물바 바나나 5g x 8개입 가공식 ","5,850"
"구김스 1192_ 바나나 픽셀 긴팔티셔츠 (G16SMRT405) ","23,470"
"비누장미 꽃다발 4송이 레드 바나나스푼_플라워  ","6,110"
"비누장미 꽃다발 4송이 핑크계열 바나나스푼_플라워  ","6,110"
"푸르밀 애플드링크 48개/ 멸균우유/바나나우유/음료수 ","15,300"
"푸르밀 애플드링크 72개/ 멸균우유/바나나우유/음료수 ","22,730"
"푸르밀 애플드링크 96개/ 멸균우유/바나나우유/음료수 ","30,160"
"패트바나나변기솔 ","3,490"
"패트바나나바닥솔 ","3,490"
"(핫트랙스) 말랑말랑 리얼 바나나 필통 ","6,000"
"(핫트랙스) 바나나를 좋아하는 원숭이 우드볼펜 ","7,000"
" 어프리 바나나잎 트레이 (Small) ","1,600"
" 어프리 바나나잎 트레이 (Small) 3packs ","3,700"
" 어프리 바나나잎 트레이 (Long) 3packs ","5,500"
" 어프리 바나나잎 트레이 (Large) ","2,500"
" 어프리 바나나잎 트레이 (Large) 3packs ","5,900"
" 깊쁨 바나나-스티키 노트 ","3,000"
"(핫트랙스) 오렌지 - 펠리컨 바나나 필통파우치 ","5,500"
"(핫트랙스) 뭉치 바나나 - 주문제작 네임스티커42 20뭉치 ","20,000"
"(무료배송) 삼채 뿌리 600g(300gX2) 솔잎 바나나가루 ","29,700"
"다용도 기저귀 파우치 (바나나) ","9,600"
"와와와키 바나나 핫도그 텔레폰 다이너마이트 인형 ","19,500"
"아카시아 바나나 플레이트 ","7,700"
"WOW 땅콩보트 1인승/튜브/물놀이/바나나보트/구명튜브 ","220,000"
"WOW 땅콩보트 1인승/튜브/물놀이/바나나보트/구명튜브 ","400,000"
"WOW 땅콩보트 2인승 튜브/물놀이/바나나보트 ","520,000"
"WOW 땅콩보트 3인승 튜브/물놀이/바나나보트/보트 ","780,000"
"WOW 땅콩보트 4인승 튜브/물놀이/바나나보트/보트 ","430,000"
"WOW 땅콩보트 4인승 튜브/물놀이/바나나보트/보트 ","900,000"
"WOW 땅콩보트 5인승 튜브/투씨/UTO/물놀이/바나나보트 ","1,150,000"
"WOW 땅콩보트 워터피클 1인승 튜브/물놀이/바나나보트 ","32,000"
"WOW 땅콩보트 1인승 튜브/물놀이/바나나보트/리조트용 ","250,000"
"WOW 땅콩보트 유플롯트 1인승 튜브/물놀이/바나나보트 ","98,000"
"WOW 땅콩보트 리조트용 튜브/물놀이/바나나보트 ","680,000"
"(AK플라자) 오가닉맘 바나나셔츠남아반소상하(MBM6ES07) ","32,490"
"{요코몰}미니언즈 바나나 보조가방(레드)/JWB ","16,000"
"디스코독스 바나나 장난감(DT-011) ","2,400"
"1883 바나나 시럽 1000ml 6개 (1박스) ","97,730"
"모닌 바나나 시럽 1000ml ","14,600"
"1883 바나나 시럽 1000ml ","16,480"
"1883 바나나 시럽 1000ml 2개세트 ","32,730"
"{프루츠에디션}바나나에반하나 컵커버 cupcover ","8,500"
"환자영양식 _ 메디푸드 미니웰 24팩(바나나맛) ","34,900"
"환자영양식 _ 메디푸드 미니웰 24팩(바나나맛) ","34,900"
"(아람) 바나나 세계창작 (전 75종) / 최상급 진열전집 새책수준 / 빠른발송 ","319,000"
"(아람) 바나나 세계창작 (전 77종) / 특AAA급 진열전집 ","320,000"
"u온달/바나나케이스/6175-1612/바나나보관/위생케이스 ","1,250"
"전설의개껌 바나나돈피 10p ","4,000"
"애태타 바나나식초(70g 7병) ","14,600"
"바나나+파인애플식초(600g) (3+1/4+2 이벤트) ","13,000"
"바나나 애널(진동 살색)/아담사이즈/강력진동 ","22,500"
"바나나 애널(진동 핑크)/아담사이즈/강력진동 ","22,500"
"(에이스제약) 바나나젤 100ml / 바디젤 마사지젤 ","3,000"
"바나나샵올뉴K7 18인치 알로이휠 휠 마스크 카본패브 ","24,750"
"샹테카이 퓨쳐스킨 파운데이션 - 바나나 30g ","121,200"
"바나나향 Banana Flavor 100ml ","15,500"
"NINO 바나나 쉐이커 1개 NINO597 ","11,000"
"스타벅스 재팬 로고 콜드컵 텀블러 바나나 350ml ","49,800"
"무배/삼립 마메이드 바나나슈 2봉 / 화이트슈/아이차 ","7,400"
"모닌 바나나 퓨레 1000ml 4개 (1박스) ","66,690"
"일본 펄라이프 바나나자르기/야채칼/모양틀 ","6,000"
"AK9190 RCA 바나나 플러그 메탈형/빨강 ","1,500"
"AK9352 RCA 바나나 플러그 일반형 -적색- ","600"
"바나나피시 Banana Fish 컴플리트 박스세트 (전13권/완결) ","105,300"
"Playwood 바나나 과일 쉐이커 FS-BNN ","6,650"
"바나나칩 500g 건바나나 ","6,000"
"(핫트랙스) 레드/B타입-바나나 - cj262-생과일주스_그래픽스티커 ","32,000"
"(핫트랙스) ncbs015-바나나 롤러코스터 ","37,000"
"바나나 보트 (Banana Boat) Funny Summer Story (Single) ","12,000"
"바나나 (Banana) Banana (Single) ","12,000"
"장바구니 딸기 물고기 바나나 사은품 인쇄 ","550"
"엄바나나 3단 우산 / 예쁜 접는우산 케이스 어린이 ","10,000"
"바나나보트 스포츠 SPF50+ 400g 펌프형 ","26,300"
"바나나보트 어린이 선크림 스프레이 2개 170g SPF50 ","33,500"
"바나나보트 태닝 tanning 스프레이 테닝 SPF4 236ml ","22,000"
"골드 파인애플 12kg(8개입) ","49,800"
"헬시케어 키즈 오가닉 치약 바나나향 50g ","12,000"
"와인앤쿡 퍼니퍼니 바나나 옐로우 손톱깎이세트 ","2,280"
"와인앤쿡 카페테리아 바나나 스플리스 디저트 접시(1P) ","6,740"
"우리존 빨강자몽 4KG(대11과내외)/품질좋은 맛있는과일 ","18,000"
"와인앤쿡 실속형바나나케이스1P ","3,440"
"스윗 바나나 알루미늄 메탈 액자4컬러 -12호 ","100,000"
"스윗 바나나 알루미늄 메탈 액자4컬러 -6호 ","55,000"
"미국산 레몬17kg(140개입) ","118,000"
"YAE30_가정용앞치마/카페/과일/바나나/쥬스/어린이집 ","6,500"
"누드브라(셀프업-바나나) 입은듯 안입은듯~ ","13,400"
"악마발효 바나나식초 500ml 3병 ","39,900"
"태국산 달콤한망고2.5kg(7~8개입) ","39,800"
"필리핀카라바오망고5kg(24개입) ","56,000"
"바나나변기솔 사각변기솔 욕실 화장실청소솔 청소도구 ","2,800"
"바나나변기솔-10개 사각변기솔 욕실 화장실청소솔 ","24,500"
"다모아툴/CK30/DNC(m) to Dual Banana(m)/바나나클립 ","49,500"
"잭앤질 유기농 어린이 치약 50g(바나나맛) ","5,900"
"한지 바나나지 4색/한지공예/한지포장지 ","1,490"
"Coms 악어 클립 케이블(바나나 단자 변환) 1m/BE535/ ","1,700"
"im419-달달한딸기바나나_현관문시트지 _인테리어액자 ","40,000"
"희망몰 im419-달달한딸기바나나_현관문시트지 ","40,000"
"im419-달달한딸기바나나_현관문시트지 시트존 ","40,000"
"메탈 RCA 바나나 플러그 모음 커넥트 골드 제작형 ","2,000"
"러브젤/젤/맛사지젤/흥분젤/성인젤 바나나젤 100ml ","4,400"
"조임식스피커플러그/Hiend Speaker Plug/바나나플러그 ","8,500"
"바나나플러그/조임식플러그/스피커플러그앤잭연결잰더 ","7,800"
"원형바나나컵 특가할인 서브우퍼 튜닝 컵 부자재 ","4,000"
"헬시라인업 바나나맛/식사대용/저칼로리/체중감량도움 ","36,000"
"헬시라인업 바나나맛X2/식사대용/저칼로리/체중감량 ","64,000"
"헬시라인업 바나나맛X3/식사대용/저칼로리/체중감량 ","84,000"
"헬시라인업딸기맛+바나나맛+초코맛/식사대용/저칼로리 ","84,000"
"헬시라인업 딸기맛+바나나맛/식사대용/저칼로리 ","64,000"
"헬시라인업 바나나맛+초코맛/식사대용/저칼로리 ","64,000"
" 투빅옐로우 패션플러스 Bananabrush clutch (바나나브러쉬 클러치) ","32,400"
"바다의 뚜껑 민음사 요시모토 바나나  ","11,700"
"바나나 티슈커버-북유럽의겨울 ","9,500"
"한지 바나나지 /한지공예/한지포장지 ","1,800"
"Pomona 1269 BNC (Female) 바나나 플러그 (N91) ","31,700"
" 애니문구 쁘띠팬시/포도 바나나 칭찬 스티커/1000/ ","700"
"데라 무봉재셀프업 바나나 브라 ","10,900"
"COMS) 악어클립-바나나케이블(1Set)/BE038/테스트클립 ","12,000"
"24K 금도금 바나나프러그/오디오프러그/APB650G ","15,000"
"바나나연결잰더/바나나연결샷시잭중계기/스피커단자 ","4,000"
"스피커-바나나플러그/JIN RUH JR0011/조임식스피커 ","7,800"
"스피커- 바나나플러그/조임식스피커프러그/스피커단자 ","7,800"
"바나나 커넥터 2선 케이블 1set 악어클립 ","12,000"
"BE481 바나나 케이블 1set 악어클립 일체형 ","10,400"
"바나나 커넥터 2선 케이블 1set 악어클립 ","10,400"
"악어 클립 케이블 바나나 단자 변환 1M ","1,920"
"악어 클립 케이블 바나나 단자 변환 1M ","2,000"
"ITA265 바나나 케이블 멀티 전원 플러그 테스트용 ","5,000"
"바나나 케이블 멀티 전원 플러그 테스트용 ","5,000"
"소공자 오리온 초코파이 바나나 444g ","4,470"
"바나나 리퍼블릭 모던 오드 퍼퓸 50ml ","42,400"
"(북유럽의겨울)바나나 티슈커버 ","8,830"
"오리온 초코파이 바나나 444g(12봉) 8개입 BOX 내벗 ","35,400"
"포시즌바나나쟁반-멜라민레몬쟁반 :36cm ","8,500"
"포시즌바나나쟁반-멜라민레몬쟁반 :30.5cm ","7,500"
"포시즌바나나쟁반-멜라민레몬쟁반3호 :25.5cm ","6,500"
"(어프리) 북마크펜 바나나잎 / 책갈피 나뭇잎 볼펜 ","1,960"
"(어프리) 북마크펜 바나나잎(2p)/ 책갈피 나뭇잎 볼펜 ","3,640"
"(어프리) 바나나잎 트레이 (Small) / 홀더 소품 그릇 ","1,200"
"(어프리) 바나나잎 트레이 (Large) / 홀더 소품 그릇 ","1,750"
"(어프리) 바나나잎 트레이 (Long) / 홀더 소품 그릇 ","1,610"
"(어프리) 바나나잎 트레이 (Long) 3packs / 홀더 소품 ","3,850"
"(어프리) 바나나잎 트레이 (Large) 3packs/ 홀더 소품 ","4,130"
"(어프리) 바나나잎 트레이 (Small) 3packs/ 홀더 소품 ","2,590"
"톱니오디오 스피커플러그/악어바나나SPEAKER PLUG ","4,500"
"더허브스토리 버블바스 파우더 80g/바나나향/거품목욕 ","2,800"
"(애플트리김약사네)악마발효 바나나식초 500ml 6병 ","91,080"
"(애플트리김약사네)악마발효 바나나식초 500ml 3병 ","45,900"
"1883루틴 바나나시럽 1L/과일/모닝/떼세르/주스/소스 ","17,820"
"아이폰6S/SE/5S/6플러스/비스킷 바나나 우유팩 케이스 ","12,770"
"바나나케이스1P/바나나보관함/바나나통/ ","1,800"
"다미 얇게 썰어말린 바나나 바나나칩 20gX4개세트 ","14,790"
"해쉼 유기농 바나나칩 30gX4개 ","14,670"
"다미 얇게 썰어말린 바나나 바나나칩 20gX4개세트 ","17,690"
"해쉼 유기농 바나나칩 30gX4개 ","17,570"
"BANANA스피커샷시잭SPEAKER JACK바나나스피커잭롱타입 ","4,500"
"바나나 패턴 A4 클립보드/결제판 서류철 서류정리 크 ","4,300"
"바나나가 뭐예유 ","6,750"
"감귤 바나나 황금송이버섯 초선 300/500ml 과일 식초 ","15,000"
"디스코독스 바나나 장난감(DT-011) ","2,400"
"벨러덕 자연관찰 레이어퍼즐_바나나 ","47,000"
"프리미엄 어린이집 일체형 낮잠이불 (바나나 사계절용) ","79,200"
"바나나 폰 (아기 핸드폰 휴대폰 장난감) ","13,900"
"바나나 리퍼블릭 W 테스터 50ml (뚜껑있음) ","19,800"
"바나나 리퍼블릭 와일드 블루 맨 50ml ","11,000"
"다논 스무디 스트로베리 바나나 요거트 2가지맛 2팩 ","68,500"
"면20수DTP 바나나 가방 체리 8종 B378 ","7,200"
"내추럴 키즈 치약 75g/버블껌맛/복숭아 바나나향 ","6,300"
"지식너머 / 바나나 톡 - 인생이 피곤할 때 귀찮을 때 두려울 때 하나씩 까먹는 마음의 문장들 / 무료배송 ","11,700"
"헬시케어 프로폴리스치약 3개 오가닉 키즈바나나향3개 ","38,000"
"헬시케어 키즈오가닉 치 약 바나나향2개 딸기향2개 ","31,000"
"유리모자이크타일 펄바나나바닐라(1장) ","4,000"
"유리모자이크타일-B17.펄바나나바닐라(1장) ","4,100"
"ih626-바나나_인테리어벽시계_ _인테리어액자/디자인 ","28,000"
"ch390-바나나잎_인테리어벽시계_ _인테리어액자/디자 ","28,000"
"희망몰 ih626-바나나_인테리어벽시계_ ","28,000"
"희망몰 ch390-바나나잎_인테리어벽시계_ ","28,000"
"나무상자닷컴 ih626-바나나_인테리어벽시계_ ","28,000"
"나무상자닷컴 ch390-바나나잎_인테리어벽시계_ ","28,000"
"ih626-바나나_인테리어벽시계_ 시트존 ","28,000"
"ch390-바나나잎_인테리어벽시계_ 시트존 ","28,000"
"Coms 바나나 케이블 1Set/악어클립(Red/Black)/BE038/ ","12,000"
"유리모자이크타일 펄바나나바닐라(박스11장) ","39,600"
"ch390-바나나잎_인테리어벽시계_-꾸밈 무료배송 ","20,910"
"ih626-바나나_인테리어벽시계_-꾸밈 무료배송 ","20,910"
"(현대백화점) 포커시스 프리플러스 바나나 걸이 다용도 바스켓 FRP-S-E84601M ","24,180"
"까로망 바나나 파우더 500g ","9,000"
"쥬피터바나나스무디1.8kg(1박스6개) ","61,000"
"쥬피터 바나나스무디1.8kg ","11,000"
"노아 애플 바나나 리치 망고 260mlx24개 ","82,600"
"스터디플래너 스터디다이어리 스마일바나나스터디플래 ","4,000"
" 베티나르디 바나나 베리 티 20티백 ","12,000"
" 포커시스 AK분당점 포커시스 FreePlus 프리플러스 바나나 걸이 다용도 바스켓 ","9,800"
"1500스마일바나나캐쉬북(랜덤발송)-핑크풋 ","1,400"
"1500스마일바나나캐쉬북(랜덤발송) 핑크풋  ","1,500"
"바나나샵시트로엥 그랜드 C4 피카소 스텐레스 컵홀더 ","19,800"
" 아이폰 바나나 패턴 그레이 B-2190 하드 케이스 봉봉케이스  ","6,490"
"MAMAMA 동전지갑파우치 (바나나) ","15,000"
"MAMAMA 클러치백 (바나나) ","20,000"
"LG 바나나 패턴 민트 B-2196 하드 케이스-봉봉케이스 ","6,900"
"속눈썹글루 강화제 바나나향 글루 프라이머 ","12,000"
"패트 바나나 변기솔/운동화솔 청소솔 청소 브러쉬 욕 ","3,500"
"바나나우산 접는우산 양산 선물 기념품 답례품 휴대용 ","7,500"
"위버스코리아 바나나 실타래 장난감/강아지장난감 ","2,900"
"(칼론) 칼론 맛있는 바나나 캐릭터 USB 메모리 64GB ","43,120"
"(칼론) 칼론 맛있는 바나나 캐릭터 USB 메모리 32GB ","25,580"
"(칼론) 칼론 맛있는 바나나 캐릭터 USB 메모리 16GB ","15,780"
"(칼론) 칼론 맛있는 바나나 캐릭터 USB 메모리 8GB ","16,080"
"(칼론) 칼론 맛있는 바나나 캐릭터 USB 메모리 4GB ","13,140"
"소셜빈 퍼기 바나콘 치발기 노리개 공갈젖꼭지 바나나 ","6,900"
"맛있는 바나나 캐릭터 USB 메모리 4GB ","13,560"
"맛있는 바나나 캐릭터 USB 메모리 16GB ","16,290"
"맛있는 바나나 캐릭터 USB 메모리 32GB ","26,390"
"MAMAMA 미니에코백 (바나나) ","20,000"
"MAMAMA 밑면지퍼파우치 (바나나) ","12,000"
"(현대Hmall) 아카시아 과일커팅보드 (멜론/바나나/체리 3종중 택) ","8,620"
"아카시아 과일커팅보드 (멜론/바나나/체리 3종중 택) ","9,900"
"MAMAMA 복주머니 파우치 (바나나) ","12,000"
"MAMAMA 폰케이스 - 바나나 (아이폰)(갤럭시) ","21,000"
"SF 바나나 순면 싱글전기요 과열차단 전자파차단 EMF ","104,600"
"SF 바나나 순면 더블전기요 과열차단 전자파차단 EMF ","108,900"
"파사바체 펭귄물잔270ml (42542)/물컵/바나나컵/음료 ","3,200"
"파사바체 펭귄맥주잔390ml (42550)/바나나컵/아이스잔 ","3,800"
"(st푸른농원) 필리핀 고당도 파인애플 (3kg_2수) ","15,200"
"(st푸른농원) 필리핀 고당도 파인애플 (6kg_4수) ","27,700"
"클릭트로닉 Clicktronic 바나나플러그 4개 ( 한세트 ) ","32,000"
"리비 바나나아이스잔 495ml(2212)/맥주잔/아메리카노 ","9,000"
"(위더스){주문폭주}바나나장바구니/인쇄/포장/판촉 ","1,100"
"과일커팅보드 (멜론/바나나/체리 3종중 택) ","9,900"
"바나나 쿠션 담요 ","12,800"
"바나나 목쿠션 ","9,600"
"바나나 플러그(적색/ 흑색) 1세트 1열 ","2,000"
"유미 건바나나칩 500g/1kg ","5,500"
" 초록마을 유기농바나나슬라이스칩(265g) ","6,900"
"케익믹스/컵케익/바나나맛/60gx6개/백설/H71/Z99 ","9,500"
"스피커 바나나 젠더 플러그 적색흑색 1세트 2개 ","1,800"
"아비삭 과일칩 사과 딸기 배 귤 감 무화과 바나나 포도  ","26,400"
"엔오에이치제이 바나나 썰 마스크팩 - 티트리 1매 ","2,000"
"엔오에이치제이 바나나 썰 마스크팩 - 오이 1매 ","2,000"
"엔오에이치제이 바나나 썰 마스크팩 - 대나무 1매 ","2,000"
"엔오에이치제이 바나나 썰 마스크팩 - 녹차 1매 ","2,000"
"엔오에이치제이 바나나 썰 마스크팩 - 레몬 1매 ","2,000"
"엔오에이치제이 바나나 썰 마스크팩 - 스네일 1매 ","2,000"
"엔오에이치제이 바나나 썰 마스크팩 - 석류 1매 ","2,000"
"엔오에이치제이 바나나 썰 마스크팩 - 꿀 1매 ","2,000"
"CJ 메티에 바나나 파우더 1kg (2개 1세트) ","27,800"
"CJ 메티에 바나나 파우더 1kg (1박스/8개) ","110,000"
"CJ 메티에 바나나 파우더 1kg ","14,000"
"CJ 메티에 바나나 파우더 1kg (1박스/8개) ","110,000"
"구바스_강아지옷 바나나 니트-구바스 ","20,300"
"초지일관 무설탕 파인애플 바나나 흑초 500ml 2병 ","28,000"
"판다퐁 컬러에코백 바나나우유 ","26,000"
"괜찮아 껌이야 100g 바나나 ","2,270"
"휴대용 보온 주머니 (핑크 바나나) ","5,900"
"휴대용 보온 주머니 (민트 바나나) ","5,900"
"과일먹은 치즈덴탈껌 (바나나)100g ","4,600"
"봄여름가을겨울 6집 바나나 쉐이크 테이프 ","6,370"
"동물원의 정원 바나나 브로치 ","16,000"
"원형바나나컵 우퍼박스 단자함 바나나컵 ","4,000"
"원형바나나컵 카오디오부자재 앰프 우퍼박스 ","4,000"
"원형바나나컵 카오디오DIY 우퍼박스단자 ","4,000"
"원형바나나컵 서브우퍼 박스 설치 카오디오 스피커 ","4,000"
"CJ 백설 컵케익 바나나 60gX1개/컵케익/바나나/케익 ","1,900"
"CJ 백설 컵케익 바나나 60gX3개/컵케익/바나나/케익 ","7,400"
"CJ 백설 컵케익 바나나 60gX6개/컵케익/바나나/케익 ","11,500"
"CJ 백설 컵케익 바나나 60gX12개/컵케익/바나나/케익 ","19,700"
"바나나전처리제50ml/글루접착증가/속눈썹연장재료 ","7,500"
"바나나짹 바나나플러그 - 암 수 한쌍 5색 5개세트 ","3,950"
"바나나짹 바나나플러그 - 암 수 한쌍 5색 5개세트 ","3,950"
"바나나게임/레크리에이션/MT게임/코믹게임/링던지기 ","4,000"
"DONGMULWON 동물원의 정원 바나나 브로치 ","16,000"
"갤럭시 바나나 패턴 민트 B-2196 하드 케이스-봉봉케이스 ","6,900"
"잘 지워지는 바나나지우개 ","800"
"악어클립 바나나케이블 제품테스트시 편리한사용 ","13,000"
"스포츠젤 SportsGel 바나나향 고품격 글라이드 러브젤 ","2,600"
"스포츠젤 SportsGel 바나나향 고품격 글라이드 러브젤 ","5,100"
"바나나 똥 오소향 ","11,430"
"스위트 히어애프터 : SWEET HEREAFTER 요시모토 바나나 ","10,800"
"재즈소곡에 바나나 고인혜 장진양 ","5,400"
"바나나 해변 그리고 군사기지 : 여성주의로 국제정치 들여다보기 신시아 인로 ","19,000"
"인디고의 별 : 바나나 하우스 이야기 힐러리 매케이 ","9,500"
"도마뱀 요시모토 바나나 ","9,900"
"새피의 천사 : 바나나 하우스 이야기 힐러리 매케이 ","9,500"
"도토리 자매 요시모토 바나나 ","9,000"
"hot banana fudge 핫 바나나 퍼지 타카노 아야 ","15,300"
"퀘스천 마크 1 바닐라 바나나 ","7,200"
"퀘스천 마크 2 바닐라 바나나 ","7,200"
"허니문 요시모토 바나나 ","8,100"
"미니언즈 1 바나나 쿤 ","9,000"
"바나나가 쿵 하고 제럴드 맥더멋 ","10,800"
"바나나 톡 : 인생이 피곤할 때 귀찮을 때 두려울 때 하나씩 까먹는 마음의 문장들 양창이 ","11,700"
"사우스포인트의 연인 요시모토 바나나 ","10,800"
"안녕 바나나 달 이연실 ","7,920"
"바나나 김나경 ","9,720"
"암리타 요시모토 바나나 ","10,800"
"어른이 된다는 건 : 요시모토 바나나의 즐거운 어른 탐구 요시모토 바나나 ","10,800"
"바나나 리포트 : 이미지와 현실이 서로를 향해 미끄러지는 풍경 김노암 ","15,300"
"주니어 한영성경 (중단 단본 무지퍼 주석(컬러) 색인 바나나) 편집부 ","18,000"
"바나나 형수님 홍윤정 ","8,100"
"바나나와 쿠스쿠스 : 요리하는 철학자 팀 알퍼의 유럽 음식 여행 팀 알퍼 ","13,500"
"바나나 우유 : 그리움으로 찾아낸 50가지 음식의 기억 김주현 ","12,420"
"하치의 마지막 연인 요시모토 바나나 ","9,000"
"인생을 만들다 : 요시모토 바나나의 요시모토 바나나 윌리엄 레이넨 ","12,150"
"하루꼬의 바나나 김용수 ","10,800"
"일본문화사 : 조몬 토기부터 요시모토 바나나까지 폴 발리 ","25,200"
"바나나의 웃음 최호일 ","7,200"
"베버와 바나나 : 이야기가 있는 사회학 최종렬 최인영 김영은 ","16,200"
"하펫친구들 세계의 그림책 18 바나나 껍질을 치웠더라면 (다른 사람 배려하기) 가브리엘라 페이론 ","8,550"
"퀘스천 마크 3 바닐라 바나나 ","7,200"
"몸은 모든 것을 알고 있다 요시모토 바나나 ","9,900"
"N P 요시모토 바나나 ","11,700"
"이것은 바나나가 아니다 유지소 ","8,100"
"유쾌한 바나나씨의 하루 우광훈 ","6,300"
"불륜과 남미 요시모토 바나나 ","10,800"
"Banana 바나나 카드북 홍찬미 ","5,400"
"바나나도 씨가 있다 박하영 ","10,800"
"1883 바나나 시럽 1L 1BOX/6EA ","86,000"
"LG 바나나 패턴 딥퍼플 B-2193 하드 케이스-봉봉케이스 ","13,900"
"포모나 바나나 파우더 800g 2개묶음/까로망/스무디 ","24,000"
"포모나 바나나 파우더 800g 1박스-12개/까로망/스무디 ","129,510"
"오피스5 AMOS 컬러점토 아이도우 바나나케이스세트 ","6,200"
"LG 바나나 패턴 딥퍼플 B-2193 하드 케이스 봉봉케이스  ","13,070"
"인터페이스 자체제작 특양면 바나나포인트 후드티셔츠 ~3XLsize 3004 ","23,630"
"인터페이스 제작 양면가디건 바나나 포켓후드집업자켓 ~3XL size 4004 ","25,330"
"자체제작 색다른디자인 바나나포켓포인트 맨투맨티셔츠 ~3XLsize 2004 ","21,080"
"포켄스 치즈덴탈껌 바나나 100g ","4,000"
"베이비쨈 바나나 슬립온 아동단화 아동슬립온 운동화 ","33,000"
"베이비쨈 바나나 슬립온아동단화 아동운동화 커플슈즈 ","33,000"
"베이비쨈 바나나 슬립온(230250)여자단화 커플슈즈 ","39,800"
"AP 바나나케이블/BE481/악어클립일체/바나나 케이블 ","12,900"
"AP 바나나케이블/BE481/악어클립일체/바나나 케이블 ","10,400"
"바나나 지우개 문구 팬시 ","2,850"
"(AK플라자) ELLE HOMME 엘르옴므 실크넥타이 - 바나나 와인 8cm ","35,000"
"(AK플라자) ELLE HOMME 엘르옴므 실크넥타이 - 바나나 네이비 8cm ","35,000"
" 갤럭시 바나나 패턴 딥퍼플 B-2193 하드 케이스 봉봉케이스  ","13,070"
"바나나 패턴 딥퍼플 B-2193 하드 케이스 봉봉케이스  ","6,490"
"아마존 미네랄 이갈이 스톤 바나나 ","2,500"
"(인터페이스)자체제작 색다른디자인 바나나포켓포인트 맨투맨티셔츠 ~3XLsiz ","24,050"
"TAYSA 미네랄 스톤 25g(바나나)(토끼/햄스터/등) ","1,250"
"BANANA SPEAKER PLUG JACK 바나나스피커플러그잭 ","4,500"
"갤럭시 바나나 패턴 딥퍼플 B-2193 하드 케이스-봉봉케이스 ","13,900"
"바나나 패턴 딥퍼플 B-2193 하드 케이스-봉봉케이스 ","6,900"
"스피커톱니스픈형오디오바나나플러그SPEAKER PLUG ","4,500"
"미니언즈 바나나보조가방 학원가방 크로스백 아동가방 ","16,400"
"앙쥬 왕 바나나 치아발육기-그린 - 치아발육기 앙쥬 ","13,930"
"앙쥬 왕 바나나 치아발육기-옐로우 - 치아발육기 앙쥬 ","13,930"
"클립핀바나나SPEAKER스피커플러그BANANA PLUG JACK ","5,800"
"인터페이스 제작 양면가디건 바나나 포켓후드집업자켓~3XL size 4004 ","28,900"
"바나나팬 8구 / 바나나틀 ","14,700"
"인터페이스 자체제작 특양면 바나나포인트 후드티셔츠 ~3XLsize 3004 ","26,960"
"농심 켈로그 스페샬K 고구마 바나나 450g ","8,000"
" 토니모리 모다아울렛 토니모리 매직푸드 바나나 슬리핑팩 ","7,920"
"키즈랑 미니언즈-바나나보조가방 ","15,700"
"키즈랑 미니언즈-바나나스쿨백팩 ","26,600"
"(신세계김해점)아이러브제이 봄 픽셀 바나나 레깅스 JOSLE11-DA ","8,820"
"(신세계김해점)아이러브제이 봄 바나나 라인 팬츠 JOSPT18-WA ","23,220"
"20680 타치이 싱글-바이와이어링케이블5m 바나나말굽 ","168,000"
"20682 바이-바이와이어링케이블0.5m 바나나바나나 ","152,000"
"꽃남방 바나나 신혼여행 워터파크 커플 단체 ","10,000"
"(잠바주스) 바나나 베리 (medium) ","5,900"
"20682 바이-바이와이어링케이블1m 바나나바나나 ","153,000"
"20682 바이-바이와이어링케이블1.5m 바나나바나나 ","163,000"
"20682 바이-바이와이어링케이블2m 바나나바나나 ","164,000"
"20682 바이-바이와이어링케이블3m 바나나바나나 ","176,000"
"20682 바이-바이와이어링케이블3m 바나나바나나 ","188,000"
"20682 바이-바이와이어링케이블5m 바나나바나나 ","200,000"
"20684 TACHII 바이-바이와이어링케이블0.5m바나나말굽 ","152,000"
"20684 TACHII 바이-바이와이어링케이블1m 바나나말굽 ","153,000"
"20684 TACHII 바이-바이와이어링케이블1.5m바나나말굽 ","163,000"
"20684 TACHII 바이-바이와이어링케이블2m바나나말굽 ","164,000"
"20684 TACHII 바이-바이와이어링케이블3m바나나말굽 ","176,000"
"20684 TACHII 바이-바이와이어링케이블4m바나나말굽 ","188,000"
"20684 TACHII 바이-바이와이어링케이블5m바나나말굽 ","200,000"
"Coms IT937 테스터기 측정 침 (탐침형/보호캡/바나나 ","5,030"
"리플잼 바나나1Kg x 6개(묶음) ","69,000"
"노아 바나나리치 망고 260mlx12ea ","43,500"
"구운 바나나칩 300g ","3,300"
"아마존 미네랄스톤/햄스터 이갈이장난감/바나나모양 ","3,060"
"2019년/웅진다책/신/신나는 과학그림책/바나나로켓/60권+부모책2권+AR어플리케이션/정품/새책 ","498,000"
"속눈썹연장프라이머/글루강화제/저자극/딸기/바나나향 ","8,800"
"속눈썹연장/프라이머/바나나향 15g/저자극/글루강화제 ","8,800"
"속눈썹연장 글루강화제 글루프라이머 저자극 바나나향 ","8,800"
"속눈썹연장프라이머/바나나향/글루강화제/유지력UP ","8,800"
"허니버터링 장건강 바나나 쿠키(120g) ","2,300"
"미피 시즌16 71013-15 바나나 알바 Banana Man ","17,000"
"파비 DIY 바나나맛 우유 트럭 자동차모형/아트블럭/ ","18,000"
"화분백화점 씨앗 채소씨앗 바나나호박 ","4,750"
"화분백화점 씨앗 채소씨앗 바나나호박 ","28,500"
"초코파이(바나나.12입)444g/오리온 ","4,750"
"오리온 초코파이 바나나 12개입x8set 과자 초코과자 ","44,940"
"MD추천/바나나필링 1세트/각질제거/저자극 ","39,400"
"강력추천/바나나필링 1+1 2세트/각질관리 ","78,800"
"(st푸른농원) 태국망고 5kg 10~12과 ","78,800"
"(호주배송)잭앤질 어린이 치약 바나나맛 50g ","6,750"
"바나나형 브라패드 vmpad06  ","2,500"
"아뜰리에소원 프루츠 시리즈_바나나에반하나 컵커버(컵덮개 컵뚜껑) ","6,840"
